url,path,status,finalUrl,redirectCount,indexable,indexabilityReasons,canonicalOk,title,titleLength,description,descriptionLength,robotsMeta,xRobotsTag,canonical,alternateCount,ogTitle,ogDescription,ogImage,ogUrl,twitterTitle,twitterDescription,twitterImage,jsonLdCount,jsonLdTypes,h1Count,h1Text,h2Count,internalLinkCount,topInternalLinkTargets,missingTitle,missingDescription,missingCanonical,missingOgTitle,missingOgDescription,missingOgImage,missingTwitterTitle,duplicateTitle,duplicateDescription,fetchError,fetchFailureCategory,retryCount,responseLocation,responseCacheControl
http://127.0.0.1:5000/,/,0,http://127.0.0.1:5000/,0,false,4xx_5xx_or_fetch_error,false,,0,,0,,,,0,,,,,,,,0,,0,,0,0,,true,true,true,true,true,true,true,false,false,fetch failed,fetch_failed,1,,
http://127.0.0.1:5000/6-month-tenancy-agreement-template,/6-month-tenancy-agreement-template,0,http://127.0.0.1:5000/6-month-tenancy-agreement-template,0,false,4xx_5xx_or_fetch_error,false,,0,,0,,,,0,,,,,,,,0,,0,,0,0,,true,true,true,true,true,true,true,false,false,fetch failed,fetch_failed,1,,
http://127.0.0.1:5000/about,/about,0,http://127.0.0.1:5000/about,0,false,4xx_5xx_or_fetch_error,false,,0,,0,,,,0,,,,,,,,0,,0,,0,0,,true,true,true,true,true,true,true,false,false,fetch failed,fetch_failed,1,,
http://127.0.0.1:5000/apply-possession-order-landlord,/apply-possession-order-landlord,0,http://127.0.0.1:5000/apply-possession-order-landlord,0,false,4xx_5xx_or_fetch_error,false,,0,,0,,,,0,,,,,,,,0,,0,,0,0,,true,true,true,true,true,true,true,false,false,fetch failed,fetch_failed,1,,
http://127.0.0.1:5000/ask-heaven,/ask-heaven,0,http://127.0.0.1:5000/ask-heaven,0,false,4xx_5xx_or_fetch_error,false,,0,,0,,,,0,,,,,,,,0,,0,,0,0,,true,true,true,true,true,true,true,false,false,fetch failed,fetch_failed,1,,
http://127.0.0.1:5000/ask-heaven/accelerated-possession-costs-fees,/ask-heaven/accelerated-possession-costs-fees,0,http://127.0.0.1:5000/ask-heaven/accelerated-possession-costs-fees,0,false,4xx_5xx_or_fetch_error,false,,0,,0,,,,0,,,,,,,,0,,0,,0,0,,true,true,true,true,true,true,true,false,false,fetch failed,fetch_failed,1,,
http://127.0.0.1:5000/ask-heaven/accelerated-possession-timetable-england,/ask-heaven/accelerated-possession-timetable-england,0,http://127.0.0.1:5000/ask-heaven/accelerated-possession-timetable-england,0,false,4xx_5xx_or_fetch_error,false,,0,,0,,,,0,,,,,,,,0,,0,,0,0,,true,true,true,true,true,true,true,false,false,fetch failed,fetch_failed,1,,
http://127.0.0.1:5000/ask-heaven/adding-tenant-to-existing-agreement,/ask-heaven/adding-tenant-to-existing-agreement,0,http://127.0.0.1:5000/ask-heaven/adding-tenant-to-existing-agreement,0,false,4xx_5xx_or_fetch_error,false,,0,,0,,,,0,,,,,,,,0,,0,,0,0,,true,true,true,true,true,true,true,false,false,fetch failed,fetch_failed,1,,
http://127.0.0.1:5000/ask-heaven/ast-vs-periodic-tenancy-england,/ask-heaven/ast-vs-periodic-tenancy-england,0,http://127.0.0.1:5000/ask-heaven/ast-vs-periodic-tenancy-england,0,false,4xx_5xx_or_fetch_error,false,,0,,0,,,,0,,,,,,,,0,,0,,0,0,,true,true,true,true,true,true,true,false,false,fetch failed,fetch_failed,1,,
http://127.0.0.1:5000/ask-heaven/calculate-rent-arrears-and-interest,/ask-heaven/calculate-rent-arrears-and-interest,0,http://127.0.0.1:5000/ask-heaven/calculate-rent-arrears-and-interest,0,false,4xx_5xx_or_fetch_error,false,,0,,0,,,,0,,,,,,,,0,,0,,0,0,,true,true,true,true,true,true,true,false,false,fetch failed,fetch_failed,1,,
http://127.0.0.1:5000/ask-heaven/can-i-evict-without-court-england,/ask-heaven/can-i-evict-without-court-england,0,http://127.0.0.1:5000/ask-heaven/can-i-evict-without-court-england,0,false,4xx_5xx_or_fetch_error,false,,0,,0,,,,0,,,,,,,,0,,0,,0,0,,true,true,true,true,true,true,true,false,false,fetch failed,fetch_failed,1,,
http://127.0.0.1:5000/ask-heaven/claim-rent-arrears-from-deposit,/ask-heaven/claim-rent-arrears-from-deposit,0,http://127.0.0.1:5000/ask-heaven/claim-rent-arrears-from-deposit,0,false,4xx_5xx_or_fetch_error,false,,0,,0,,,,0,,,,,,,,0,,0,,0,0,,true,true,true,true,true,true,true,false,false,fetch failed,fetch_failed,1,,
http://127.0.0.1:5000/ask-heaven/court-hearing-prepare-possession-england,/ask-heaven/court-hearing-prepare-possession-england,0,http://127.0.0.1:5000/ask-heaven/court-hearing-prepare-possession-england,0,false,4xx_5xx_or_fetch_error,false,,0,,0,,,,0,,,,,,,,0,,0,,0,0,,true,true,true,true,true,true,true,false,false,fetch failed,fetch_failed,1,,
http://127.0.0.1:5000/ask-heaven/defended-possession-claim-s8-s21,/ask-heaven/defended-possession-claim-s8-s21,0,http://127.0.0.1:5000/ask-heaven/defended-possession-claim-s8-s21,0,false,4xx_5xx_or_fetch_error,false,,0,,0,,,,0,,,,,,,,0,,0,,0,0,,true,true,true,true,true,true,true,false,false,fetch failed,fetch_failed,1,,
http://127.0.0.1:5000/ask-heaven/guarantor-liability-for-rent-arrears,/ask-heaven/guarantor-liability-for-rent-arrears,0,http://127.0.0.1:5000/ask-heaven/guarantor-liability-for-rent-arrears,0,false,4xx_5xx_or_fetch_error,false,,0,,0,,,,0,,,,,,,,0,,0,,0,0,,true,true,true,true,true,true,true,false,false,fetch failed,fetch_failed,1,,
http://127.0.0.1:5000/ask-heaven/how-to-serve-section-21-notice-england,/ask-heaven/how-to-serve-section-21-notice-england,0,http://127.0.0.1:5000/ask-heaven/how-to-serve-section-21-notice-england,0,false,4xx_5xx_or_fetch_error,false,,0,,0,,,,0,,,,,,,,0,,0,,0,0,,true,true,true,true,true,true,true,false,false,fetch failed,fetch_failed,1,,
http://127.0.0.1:5000/ask-heaven/joint-tenancy-ending-one-tenant-leaves,/ask-heaven/joint-tenancy-ending-one-tenant-leaves,0,http://127.0.0.1:5000/ask-heaven/joint-tenancy-ending-one-tenant-leaves,0,false,4xx_5xx_or_fetch_error,false,,0,,0,,,,0,,,,,,,,0,,0,,0,0,,true,true,true,true,true,true,true,false,false,fetch failed,fetch_failed,1,,
http://127.0.0.1:5000/ask-heaven/mcol-process-for-rent-arrears-england,/ask-heaven/mcol-process-for-rent-arrears-england,0,http://127.0.0.1:5000/ask-heaven/mcol-process-for-rent-arrears-england,0,false,4xx_5xx_or_fetch_error,false,,0,,0,,,,0,,,,,,,,0,,0,,0,0,,true,true,true,true,true,true,true,false,false,fetch failed,fetch_failed,1,,
http://127.0.0.1:5000/ask-heaven/money-claim-after-tenant-moves-out,/ask-heaven/money-claim-after-tenant-moves-out,0,http://127.0.0.1:5000/ask-heaven/money-claim-after-tenant-moves-out,0,false,4xx_5xx_or_fetch_error,false,,0,,0,,,,0,,,,,,,,0,,0,,0,0,,true,true,true,true,true,true,true,false,false,fetch failed,fetch_failed,1,,
http://127.0.0.1:5000/ask-heaven/notice-seeking-possession-vs-eviction,/ask-heaven/notice-seeking-possession-vs-eviction,0,http://127.0.0.1:5000/ask-heaven/notice-seeking-possession-vs-eviction,0,false,4xx_5xx_or_fetch_error,false,,0,,0,,,,0,,,,,,,,0,,0,,0,0,,true,true,true,true,true,true,true,false,false,fetch failed,fetch_failed,1,,
http://127.0.0.1:5000/ask-heaven/notice-to-leave-scotland-grounds,/ask-heaven/notice-to-leave-scotland-grounds,0,http://127.0.0.1:5000/ask-heaven/notice-to-leave-scotland-grounds,0,false,4xx_5xx_or_fetch_error,false,,0,,0,,,,0,,,,,,,,0,,0,,0,0,,true,true,true,true,true,true,true,false,false,fetch failed,fetch_failed,1,,
http://127.0.0.1:5000/ask-heaven/possession-order-what-happens-next,/ask-heaven/possession-order-what-happens-next,0,http://127.0.0.1:5000/ask-heaven/possession-order-what-happens-next,0,false,4xx_5xx_or_fetch_error,false,,0,,0,,,,0,,,,,,,,0,,0,,0,0,,true,true,true,true,true,true,true,false,false,fetch failed,fetch_failed,1,,
http://127.0.0.1:5000/ask-heaven/renewing-fixed-term-tenancy-england,/ask-heaven/renewing-fixed-term-tenancy-england,0,http://127.0.0.1:5000/ask-heaven/renewing-fixed-term-tenancy-england,0,false,4xx_5xx_or_fetch_error,false,,0,,0,,,,0,,,,,,,,0,,0,,0,0,,true,true,true,true,true,true,true,false,false,fetch failed,fetch_failed,1,,
http://127.0.0.1:5000/ask-heaven/rent-arrears-and-section-8-grounds,/ask-heaven/rent-arrears-and-section-8-grounds,0,http://127.0.0.1:5000/ask-heaven/rent-arrears-and-section-8-grounds,0,false,4xx_5xx_or_fetch_error,false,,0,,0,,,,0,,,,,,,,0,,0,,0,0,,true,true,true,true,true,true,true,false,false,fetch failed,fetch_failed,1,,
http://127.0.0.1:5000/ask-heaven/rent-arrears-letter-before-action-england,/ask-heaven/rent-arrears-letter-before-action-england,0,http://127.0.0.1:5000/ask-heaven/rent-arrears-letter-before-action-england,0,false,4xx_5xx_or_fetch_error,false,,0,,0,,,,0,,,,,,,,0,,0,,0,0,,true,true,true,true,true,true,true,false,false,fetch failed,fetch_failed,1,,
http://127.0.0.1:5000/ask-heaven/rent-increase-clause-best-practice-uk,/ask-heaven/rent-increase-clause-best-practice-uk,0,http://127.0.0.1:5000/ask-heaven/rent-increase-clause-best-practice-uk,0,false,4xx_5xx_or_fetch_error,false,,0,,0,,,,0,,,,,,,,0,,0,,0,0,,true,true,true,true,true,true,true,false,false,fetch failed,fetch_failed,1,,
http://127.0.0.1:5000/ask-heaven/repayment-plan-template-landlord-tenant,/ask-heaven/repayment-plan-template-landlord-tenant,0,http://127.0.0.1:5000/ask-heaven/repayment-plan-template-landlord-tenant,0,false,4xx_5xx_or_fetch_error,false,,0,,0,,,,0,,,,,,,,0,,0,,0,0,,true,true,true,true,true,true,true,false,false,fetch failed,fetch_failed,1,,
http://127.0.0.1:5000/ask-heaven/scotland-eviction-court-process-tribunal,/ask-heaven/scotland-eviction-court-process-tribunal,0,http://127.0.0.1:5000/ask-heaven/scotland-eviction-court-process-tribunal,0,false,4xx_5xx_or_fetch_error,false,,0,,0,,,,0,,,,,,,,0,,0,,0,0,,true,true,true,true,true,true,true,false,false,fetch failed,fetch_failed,1,,
http://127.0.0.1:5000/ask-heaven/scotland-prt-notice-periods-2025,/ask-heaven/scotland-prt-notice-periods-2025,0,http://127.0.0.1:5000/ask-heaven/scotland-prt-notice-periods-2025,0,false,4xx_5xx_or_fetch_error,false,,0,,0,,,,0,,,,,,,,0,,0,,0,0,,true,true,true,true,true,true,true,false,false,fetch failed,fetch_failed,1,,
http://127.0.0.1:5000/ask-heaven/scotland-prt-vs-short-assured,/ask-heaven/scotland-prt-vs-short-assured,0,http://127.0.0.1:5000/ask-heaven/scotland-prt-vs-short-assured,0,false,4xx_5xx_or_fetch_error,false,,0,,0,,,,0,,,,,,,,0,,0,,0,0,,true,true,true,true,true,true,true,false,false,fetch failed,fetch_failed,1,,
http://127.0.0.1:5000/ask-heaven/scotland-rent-arrears-prt-steps,/ask-heaven/scotland-rent-arrears-prt-steps,0,http://127.0.0.1:5000/ask-heaven/scotland-rent-arrears-prt-steps,0,false,4xx_5xx_or_fetch_error,false,,0,,0,,,,0,,,,,,,,0,,0,,0,0,,true,true,true,true,true,true,true,false,false,fetch failed,fetch_failed,1,,
http://127.0.0.1:5000/ask-heaven/scotland-serving-notice-to-leave,/ask-heaven/scotland-serving-notice-to-leave,0,http://127.0.0.1:5000/ask-heaven/scotland-serving-notice-to-leave,0,false,4xx_5xx_or_fetch_error,false,,0,,0,,,,0,,,,,,,,0,,0,,0,0,,true,true,true,true,true,true,true,false,false,fetch failed,fetch_failed,1,,
http://127.0.0.1:5000/ask-heaven/scotland-tenant-abandonment-prt,/ask-heaven/scotland-tenant-abandonment-prt,0,http://127.0.0.1:5000/ask-heaven/scotland-tenant-abandonment-prt,0,false,4xx_5xx_or_fetch_error,false,,0,,0,,,,0,,,,,,,,0,,0,,0,0,,true,true,true,true,true,true,true,false,false,fetch failed,fetch_failed,1,,
http://127.0.0.1:5000/ask-heaven/section-173-notice-wales-when-to-use,/ask-heaven/section-173-notice-wales-when-to-use,0,http://127.0.0.1:5000/ask-heaven/section-173-notice-wales-when-to-use,0,false,4xx_5xx_or_fetch_error,false,,0,,0,,,,0,,,,,,,,0,,0,,0,0,,true,true,true,true,true,true,true,false,false,fetch failed,fetch_failed,1,,
http://127.0.0.1:5000/ask-heaven/section-173-validity-checklist-wales,/ask-heaven/section-173-validity-checklist-wales,0,http://127.0.0.1:5000/ask-heaven/section-173-validity-checklist-wales,0,false,4xx_5xx_or_fetch_error,false,,0,,0,,,,0,,,,,,,,0,,0,,0,0,,true,true,true,true,true,true,true,false,false,fetch failed,fetch_failed,1,,
http://127.0.0.1:5000/ask-heaven/section-21-accelerated-possession-n5b-guide,/ask-heaven/section-21-accelerated-possession-n5b-guide,0,http://127.0.0.1:5000/ask-heaven/section-21-accelerated-possession-n5b-guide,0,false,4xx_5xx_or_fetch_error,false,,0,,0,,,,0,,,,,,,,0,,0,,0,0,,true,true,true,true,true,true,true,false,false,fetch failed,fetch_failed,1,,
http://127.0.0.1:5000/ask-heaven/section-21-after-fixed-term-periodic,/ask-heaven/section-21-after-fixed-term-periodic,0,http://127.0.0.1:5000/ask-heaven/section-21-after-fixed-term-periodic,0,false,4xx_5xx_or_fetch_error,false,,0,,0,,,,0,,,,,,,,0,,0,,0,0,,true,true,true,true,true,true,true,false,false,fetch failed,fetch_failed,1,,
http://127.0.0.1:5000/ask-heaven/section-21-and-deposit-protection-rules,/ask-heaven/section-21-and-deposit-protection-rules,0,http://127.0.0.1:5000/ask-heaven/section-21-and-deposit-protection-rules,0,false,4xx_5xx_or_fetch_error,false,,0,,0,,,,0,,,,,,,,0,,0,,0,0,,true,true,true,true,true,true,true,false,false,fetch failed,fetch_failed,1,,
http://127.0.0.1:5000/ask-heaven/section-21-gas-safety-epc-how-to-fix,/ask-heaven/section-21-gas-safety-epc-how-to-fix,0,http://127.0.0.1:5000/ask-heaven/section-21-gas-safety-epc-how-to-fix,0,false,4xx_5xx_or_fetch_error,false,,0,,0,,,,0,,,,,,,,0,,0,,0,0,,true,true,true,true,true,true,true,false,false,fetch failed,fetch_failed,1,,
http://127.0.0.1:5000/ask-heaven/section-21-reissue-after-expiry,/ask-heaven/section-21-reissue-after-expiry,0,http://127.0.0.1:5000/ask-heaven/section-21-reissue-after-expiry,0,false,4xx_5xx_or_fetch_error,false,,0,,0,,,,0,,,,,,,,0,,0,,0,0,,true,true,true,true,true,true,true,false,false,fetch failed,fetch_failed,1,,
http://127.0.0.1:5000/ask-heaven/section-21-validity-checklist-form-6a,/ask-heaven/section-21-validity-checklist-form-6a,0,http://127.0.0.1:5000/ask-heaven/section-21-validity-checklist-form-6a,0,false,4xx_5xx_or_fetch_error,false,,0,,0,,,,0,,,,,,,,0,,0,,0,0,,true,true,true,true,true,true,true,false,false,fetch failed,fetch_failed,1,,
http://127.0.0.1:5000/ask-heaven/section-8-ground-10-11-discretionary-arrears,/ask-heaven/section-8-ground-10-11-discretionary-arrears,0,http://127.0.0.1:5000/ask-heaven/section-8-ground-10-11-discretionary-arrears,0,false,4xx_5xx_or_fetch_error,false,,0,,0,,,,0,,,,,,,,0,,0,,0,0,,true,true,true,true,true,true,true,false,false,fetch failed,fetch_failed,1,,
http://127.0.0.1:5000/ask-heaven/section-8-ground-8-mandatory-arrears,/ask-heaven/section-8-ground-8-mandatory-arrears,0,http://127.0.0.1:5000/ask-heaven/section-8-ground-8-mandatory-arrears,0,false,4xx_5xx_or_fetch_error,false,,0,,0,,,,0,,,,,,,,0,,0,,0,0,,true,true,true,true,true,true,true,false,false,fetch failed,fetch_failed,1,,
http://127.0.0.1:5000/ask-heaven/section-8-grounds-nuisance-anti-social,/ask-heaven/section-8-grounds-nuisance-anti-social,0,http://127.0.0.1:5000/ask-heaven/section-8-grounds-nuisance-anti-social,0,false,4xx_5xx_or_fetch_error,false,,0,,0,,,,0,,,,,,,,0,,0,,0,0,,true,true,true,true,true,true,true,false,false,fetch failed,fetch_failed,1,,
http://127.0.0.1:5000/ask-heaven/section-8-notice-periods-england-2025,/ask-heaven/section-8-notice-periods-england-2025,0,http://127.0.0.1:5000/ask-heaven/section-8-notice-periods-england-2025,0,false,4xx_5xx_or_fetch_error,false,,0,,0,,,,0,,,,,,,,0,,0,,0,0,,true,true,true,true,true,true,true,false,false,fetch failed,fetch_failed,1,,
http://127.0.0.1:5000/ask-heaven/small-claims-for-rent-arrears-evidence,/ask-heaven/small-claims-for-rent-arrears-evidence,0,http://127.0.0.1:5000/ask-heaven/small-claims-for-rent-arrears-evidence,0,false,4xx_5xx_or_fetch_error,false,,0,,0,,,,0,,,,,,,,0,,0,,0,0,,true,true,true,true,true,true,true,false,false,fetch failed,fetch_failed,1,,
http://127.0.0.1:5000/ask-heaven/tenancy-agreement-checklist-uk-landlord,/ask-heaven/tenancy-agreement-checklist-uk-landlord,0,http://127.0.0.1:5000/ask-heaven/tenancy-agreement-checklist-uk-landlord,0,false,4xx_5xx_or_fetch_error,false,,0,,0,,,,0,,,,,,,,0,,0,,0,0,,true,true,true,true,true,true,true,false,false,fetch failed,fetch_failed,1,,
http://127.0.0.1:5000/ask-heaven/wales-occupation-contract-notice-periods,/ask-heaven/wales-occupation-contract-notice-periods,0,http://127.0.0.1:5000/ask-heaven/wales-occupation-contract-notice-periods,0,false,4xx_5xx_or_fetch_error,false,,0,,0,,,,0,,,,,,,,0,,0,,0,0,,true,true,true,true,true,true,true,false,false,fetch failed,fetch_failed,1,,
http://127.0.0.1:5000/ask-heaven/wales-occupation-contract-vs-tenancy,/ask-heaven/wales-occupation-contract-vs-tenancy,0,http://127.0.0.1:5000/ask-heaven/wales-occupation-contract-vs-tenancy,0,false,4xx_5xx_or_fetch_error,false,,0,,0,,,,0,,,,,,,,0,,0,,0,0,,true,true,true,true,true,true,true,false,false,fetch failed,fetch_failed,1,,
http://127.0.0.1:5000/ask-heaven/wales-occupation-contract-written-statement,/ask-heaven/wales-occupation-contract-written-statement,0,http://127.0.0.1:5000/ask-heaven/wales-occupation-contract-written-statement,0,false,4xx_5xx_or_fetch_error,false,,0,,0,,,,0,,,,,,,,0,,0,,0,0,,true,true,true,true,true,true,true,false,false,fetch failed,fetch_failed,1,,
http://127.0.0.1:5000/ask-heaven/wales-possession-court-process-section-173,/ask-heaven/wales-possession-court-process-section-173,0,http://127.0.0.1:5000/ask-heaven/wales-possession-court-process-section-173,0,false,4xx_5xx_or_fetch_error,false,,0,,0,,,,0,,,,,,,,0,,0,,0,0,,true,true,true,true,true,true,true,false,false,fetch failed,fetch_failed,1,,
http://127.0.0.1:5000/ask-heaven/wales-retaliatory-eviction-protection,/ask-heaven/wales-retaliatory-eviction-protection,0,http://127.0.0.1:5000/ask-heaven/wales-retaliatory-eviction-protection,0,false,4xx_5xx_or_fetch_error,false,,0,,0,,,,0,,,,,,,,0,,0,,0,0,,true,true,true,true,true,true,true,false,false,fetch failed,fetch_failed,1,,
http://127.0.0.1:5000/ask-heaven/warrant-of-possession-bailiffs-eviction,/ask-heaven/warrant-of-possession-bailiffs-eviction,0,http://127.0.0.1:5000/ask-heaven/warrant-of-possession-bailiffs-eviction,0,false,4xx_5xx_or_fetch_error,false,,0,,0,,,,0,,,,,,,,0,,0,,0,0,,true,true,true,true,true,true,true,false,false,fetch failed,fetch_failed,1,,
http://127.0.0.1:5000/ask-heaven/when-to-issue-money-claim-online-rent,/ask-heaven/when-to-issue-money-claim-online-rent,0,http://127.0.0.1:5000/ask-heaven/when-to-issue-money-claim-online-rent,0,false,4xx_5xx_or_fetch_error,false,,0,,0,,,,0,,,,,,,,0,,0,,0,0,,true,true,true,true,true,true,true,false,false,fetch failed,fetch_failed,1,,
http://127.0.0.1:5000/ask-heaven/when-to-use-section-8-form-3-grounds,/ask-heaven/when-to-use-section-8-form-3-grounds,0,http://127.0.0.1:5000/ask-heaven/when-to-use-section-8-form-3-grounds,0,false,4xx_5xx_or_fetch_error,false,,0,,0,,,,0,,,,,,,,0,,0,,0,0,,true,true,true,true,true,true,true,false,false,fetch failed,fetch_failed,1,,
http://127.0.0.1:5000/assured-shorthold-tenancy-agreement,/assured-shorthold-tenancy-agreement,0,http://127.0.0.1:5000/assured-shorthold-tenancy-agreement,0,false,4xx_5xx_or_fetch_error,false,,0,,0,,,,0,,,,,,,,0,,0,,0,0,,true,true,true,true,true,true,true,false,false,fetch failed,fetch_failed,1,,
http://127.0.0.1:5000/assured-shorthold-tenancy-agreement-template,/assured-shorthold-tenancy-agreement-template,0,http://127.0.0.1:5000/assured-shorthold-tenancy-agreement-template,0,false,4xx_5xx_or_fetch_error,false,,0,,0,,,,0,,,,,,,,0,,0,,0,0,,true,true,true,true,true,true,true,false,false,fetch failed,fetch_failed,1,,
http://127.0.0.1:5000/ast-template-england,/ast-template-england,0,http://127.0.0.1:5000/ast-template-england,0,false,4xx_5xx_or_fetch_error,false,,0,,0,,,,0,,,,,,,,0,,0,,0,0,,true,true,true,true,true,true,true,false,false,fetch failed,fetch_failed,1,,
http://127.0.0.1:5000/ast-tenancy-agreement-template,/ast-tenancy-agreement-template,0,http://127.0.0.1:5000/ast-tenancy-agreement-template,0,false,4xx_5xx_or_fetch_error,false,,0,,0,,,,0,,,,,,,,0,,0,,0,0,,true,true,true,true,true,true,true,false,false,fetch failed,fetch_failed,1,,
http://127.0.0.1:5000/auth/login,/auth/login,0,http://127.0.0.1:5000/auth/login,0,false,4xx_5xx_or_fetch_error,false,,0,,0,,,,0,,,,,,,,0,,0,,0,0,,true,true,true,true,true,true,true,false,false,fetch failed,fetch_failed,1,,
http://127.0.0.1:5000/blog,/blog,0,http://127.0.0.1:5000/blog,0,false,4xx_5xx_or_fetch_error,false,,0,,0,,,,0,,,,,,,,0,,0,,0,0,,true,true,true,true,true,true,true,false,false,fetch failed,fetch_failed,1,,
http://127.0.0.1:5000/blog/calculating-interest-tenant-debt,/blog/calculating-interest-tenant-debt,0,http://127.0.0.1:5000/blog/calculating-interest-tenant-debt,0,false,4xx_5xx_or_fetch_error,false,,0,,0,,,,0,,,,,,,,0,,0,,0,0,,true,true,true,true,true,true,true,false,false,fetch failed,fetch_failed,1,,
http://127.0.0.1:5000/blog/england-accelerated-possession,/blog/england-accelerated-possession,0,http://127.0.0.1:5000/blog/england-accelerated-possession,0,false,4xx_5xx_or_fetch_error,false,,0,,0,,,,0,,,,,,,,0,,0,,0,0,,true,true,true,true,true,true,true,false,false,fetch failed,fetch_failed,1,,
http://127.0.0.1:5000/blog/england-assured-shorthold-tenancy-guide,/blog/england-assured-shorthold-tenancy-guide,0,http://127.0.0.1:5000/blog/england-assured-shorthold-tenancy-guide,0,false,4xx_5xx_or_fetch_error,false,,0,,0,,,,0,,,,,,,,0,,0,,0,0,,true,true,true,true,true,true,true,false,false,fetch failed,fetch_failed,1,,
http://127.0.0.1:5000/blog/england-bailiff-eviction,/blog/england-bailiff-eviction,0,http://127.0.0.1:5000/blog/england-bailiff-eviction,0,false,4xx_5xx_or_fetch_error,false,,0,,0,,,,0,,,,,,,,0,,0,,0,0,,true,true,true,true,true,true,true,false,false,fetch failed,fetch_failed,1,,
http://127.0.0.1:5000/blog/england-county-court-forms,/blog/england-county-court-forms,0,http://127.0.0.1:5000/blog/england-county-court-forms,0,false,4xx_5xx_or_fetch_error,false,,0,,0,,,,0,,,,,,,,0,,0,,0,0,,true,true,true,true,true,true,true,false,false,fetch failed,fetch_failed,1,,
http://127.0.0.1:5000/blog/england-deposit-protection,/blog/england-deposit-protection,0,http://127.0.0.1:5000/blog/england-deposit-protection,0,false,4xx_5xx_or_fetch_error,false,,0,,0,,,,0,,,,,,,,0,,0,,0,0,,true,true,true,true,true,true,true,false,false,fetch failed,fetch_failed,1,,
http://127.0.0.1:5000/blog/england-hmo-licensing,/blog/england-hmo-licensing,0,http://127.0.0.1:5000/blog/england-hmo-licensing,0,false,4xx_5xx_or_fetch_error,false,,0,,0,,,,0,,,,,,,,0,,0,,0,0,,true,true,true,true,true,true,true,false,false,fetch failed,fetch_failed,1,,
http://127.0.0.1:5000/blog/england-money-claim-online,/blog/england-money-claim-online,0,http://127.0.0.1:5000/blog/england-money-claim-online,0,false,4xx_5xx_or_fetch_error,false,,0,,0,,,,0,,,,,,,,0,,0,,0,0,,true,true,true,true,true,true,true,false,false,fetch failed,fetch_failed,1,,
http://127.0.0.1:5000/blog/england-particulars-of-claim,/blog/england-particulars-of-claim,0,http://127.0.0.1:5000/blog/england-particulars-of-claim,0,false,4xx_5xx_or_fetch_error,false,,0,,0,,,,0,,,,,,,,0,,0,,0,0,,true,true,true,true,true,true,true,false,false,fetch failed,fetch_failed,1,,
http://127.0.0.1:5000/blog/england-possession-hearing,/blog/england-possession-hearing,0,http://127.0.0.1:5000/blog/england-possession-hearing,0,false,4xx_5xx_or_fetch_error,false,,0,,0,,,,0,,,,,,,,0,,0,,0,0,,true,true,true,true,true,true,true,false,false,fetch failed,fetch_failed,1,,
http://127.0.0.1:5000/blog/england-section-21-process,/blog/england-section-21-process,0,http://127.0.0.1:5000/blog/england-section-21-process,0,false,4xx_5xx_or_fetch_error,false,,0,,0,,,,0,,,,,,,,0,,0,,0,0,,true,true,true,true,true,true,true,false,false,fetch failed,fetch_failed,1,,
http://127.0.0.1:5000/blog/england-section-8-ground-1,/blog/england-section-8-ground-1,0,http://127.0.0.1:5000/blog/england-section-8-ground-1,0,false,4xx_5xx_or_fetch_error,false,,0,,0,,,,0,,,,,,,,0,,0,,0,0,,true,true,true,true,true,true,true,false,false,fetch failed,fetch_failed,1,,
http://127.0.0.1:5000/blog/england-section-8-ground-10-11,/blog/england-section-8-ground-10-11,0,http://127.0.0.1:5000/blog/england-section-8-ground-10-11,0,false,4xx_5xx_or_fetch_error,false,,0,,0,,,,0,,,,,,,,0,,0,,0,0,,true,true,true,true,true,true,true,false,false,fetch failed,fetch_failed,1,,
http://127.0.0.1:5000/blog/england-section-8-ground-12,/blog/england-section-8-ground-12,0,http://127.0.0.1:5000/blog/england-section-8-ground-12,0,false,4xx_5xx_or_fetch_error,false,,0,,0,,,,0,,,,,,,,0,,0,,0,0,,true,true,true,true,true,true,true,false,false,fetch failed,fetch_failed,1,,
http://127.0.0.1:5000/blog/england-section-8-ground-14,/blog/england-section-8-ground-14,0,http://127.0.0.1:5000/blog/england-section-8-ground-14,0,false,4xx_5xx_or_fetch_error,false,,0,,0,,,,0,,,,,,,,0,,0,,0,0,,true,true,true,true,true,true,true,false,false,fetch failed,fetch_failed,1,,
http://127.0.0.1:5000/blog/england-section-8-ground-17,/blog/england-section-8-ground-17,0,http://127.0.0.1:5000/blog/england-section-8-ground-17,0,false,4xx_5xx_or_fetch_error,false,,0,,0,,,,0,,,,,,,,0,,0,,0,0,,true,true,true,true,true,true,true,false,false,fetch failed,fetch_failed,1,,
http://127.0.0.1:5000/blog/england-section-8-ground-2,/blog/england-section-8-ground-2,0,http://127.0.0.1:5000/blog/england-section-8-ground-2,0,false,4xx_5xx_or_fetch_error,false,,0,,0,,,,0,,,,,,,,0,,0,,0,0,,true,true,true,true,true,true,true,false,false,fetch failed,fetch_failed,1,,
http://127.0.0.1:5000/blog/england-section-8-ground-7,/blog/england-section-8-ground-7,0,http://127.0.0.1:5000/blog/england-section-8-ground-7,0,false,4xx_5xx_or_fetch_error,false,,0,,0,,,,0,,,,,,,,0,,0,,0,0,,true,true,true,true,true,true,true,false,false,fetch failed,fetch_failed,1,,
http://127.0.0.1:5000/blog/england-section-8-ground-8,/blog/england-section-8-ground-8,0,http://127.0.0.1:5000/blog/england-section-8-ground-8,0,false,4xx_5xx_or_fetch_error,false,,0,,0,,,,0,,,,,,,,0,,0,,0,0,,true,true,true,true,true,true,true,false,false,fetch failed,fetch_failed,1,,
http://127.0.0.1:5000/blog/england-section-8-process,/blog/england-section-8-process,0,http://127.0.0.1:5000/blog/england-section-8-process,0,false,4xx_5xx_or_fetch_error,false,,0,,0,,,,0,,,,,,,,0,,0,,0,0,,true,true,true,true,true,true,true,false,false,fetch failed,fetch_failed,1,,
http://127.0.0.1:5000/blog/england-standard-possession,/blog/england-standard-possession,0,http://127.0.0.1:5000/blog/england-standard-possession,0,false,4xx_5xx_or_fetch_error,false,,0,,0,,,,0,,,,,,,,0,,0,,0,0,,true,true,true,true,true,true,true,false,false,fetch failed,fetch_failed,1,,
http://127.0.0.1:5000/blog/fair-wear-tear-vs-tenant-damage,/blog/fair-wear-tear-vs-tenant-damage,0,http://127.0.0.1:5000/blog/fair-wear-tear-vs-tenant-damage,0,false,4xx_5xx_or_fetch_error,false,,0,,0,,,,0,,,,,,,,0,,0,,0,0,,true,true,true,true,true,true,true,false,false,fetch failed,fetch_failed,1,,
http://127.0.0.1:5000/blog/how-long-does-eviction-take-uk,/blog/how-long-does-eviction-take-uk,0,http://127.0.0.1:5000/blog/how-long-does-eviction-take-uk,0,false,4xx_5xx_or_fetch_error,false,,0,,0,,,,0,,,,,,,,0,,0,,0,0,,true,true,true,true,true,true,true,false,false,fetch failed,fetch_failed,1,,
http://127.0.0.1:5000/blog/how-long-does-money-claim-online-take,/blog/how-long-does-money-claim-online-take,0,http://127.0.0.1:5000/blog/how-long-does-money-claim-online-take,0,false,4xx_5xx_or_fetch_error,false,,0,,0,,,,0,,,,,,,,0,,0,,0,0,,true,true,true,true,true,true,true,false,false,fetch failed,fetch_failed,1,,
http://127.0.0.1:5000/blog/how-to-serve-eviction-notice,/blog/how-to-serve-eviction-notice,0,http://127.0.0.1:5000/blog/how-to-serve-eviction-notice,0,false,4xx_5xx_or_fetch_error,false,,0,,0,,,,0,,,,,,,,0,,0,,0,0,,true,true,true,true,true,true,true,false,false,fetch failed,fetch_failed,1,,
http://127.0.0.1:5000/blog/how-to-write-letter-before-action-unpaid-rent,/blog/how-to-write-letter-before-action-unpaid-rent,0,http://127.0.0.1:5000/blog/how-to-write-letter-before-action-unpaid-rent,0,false,4xx_5xx_or_fetch_error,false,,0,,0,,,,0,,,,,,,,0,,0,,0,0,,true,true,true,true,true,true,true,false,false,fetch failed,fetch_failed,1,,
http://127.0.0.1:5000/blog/northern-ireland-deposit-protection,/blog/northern-ireland-deposit-protection,0,http://127.0.0.1:5000/blog/northern-ireland-deposit-protection,0,false,4xx_5xx_or_fetch_error,false,,0,,0,,,,0,,,,,,,,0,,0,,0,0,,true,true,true,true,true,true,true,false,false,fetch failed,fetch_failed,1,,
http://127.0.0.1:5000/blog/northern-ireland-eviction-process,/blog/northern-ireland-eviction-process,0,http://127.0.0.1:5000/blog/northern-ireland-eviction-process,0,false,4xx_5xx_or_fetch_error,false,,0,,0,,,,0,,,,,,,,0,,0,,0,0,,true,true,true,true,true,true,true,false,false,fetch failed,fetch_failed,1,,
http://127.0.0.1:5000/blog/northern-ireland-landlord-registration,/blog/northern-ireland-landlord-registration,0,http://127.0.0.1:5000/blog/northern-ireland-landlord-registration,0,false,4xx_5xx_or_fetch_error,false,,0,,0,,,,0,,,,,,,,0,,0,,0,0,,true,true,true,true,true,true,true,false,false,fetch failed,fetch_failed,1,,
http://127.0.0.1:5000/blog/northern-ireland-private-tenancies-order,/blog/northern-ireland-private-tenancies-order,0,http://127.0.0.1:5000/blog/northern-ireland-private-tenancies-order,0,false,4xx_5xx_or_fetch_error,false,,0,,0,,,,0,,,,,,,,0,,0,,0,0,,true,true,true,true,true,true,true,false,false,fetch failed,fetch_failed,1,,
http://127.0.0.1:5000/blog/recovering-cleaning-costs-from-tenants,/blog/recovering-cleaning-costs-from-tenants,0,http://127.0.0.1:5000/blog/recovering-cleaning-costs-from-tenants,0,false,4xx_5xx_or_fetch_error,false,,0,,0,,,,0,,,,,,,,0,,0,,0,0,,true,true,true,true,true,true,true,false,false,fetch failed,fetch_failed,1,,
http://127.0.0.1:5000/blog/rent-arrears-eviction-guide,/blog/rent-arrears-eviction-guide,0,http://127.0.0.1:5000/blog/rent-arrears-eviction-guide,0,false,4xx_5xx_or_fetch_error,false,,0,,0,,,,0,,,,,,,,0,,0,,0,0,,true,true,true,true,true,true,true,false,false,fetch failed,fetch_failed,1,,
http://127.0.0.1:5000/blog/rent-smart-wales,/blog/rent-smart-wales,0,http://127.0.0.1:5000/blog/rent-smart-wales,0,false,4xx_5xx_or_fetch_error,false,,0,,0,,,,0,,,,,,,,0,,0,,0,0,,true,true,true,true,true,true,true,false,false,fetch failed,fetch_failed,1,,
http://127.0.0.1:5000/blog/renters-reform-bill-what-landlords-need-to-know,/blog/renters-reform-bill-what-landlords-need-to-know,0,http://127.0.0.1:5000/blog/renters-reform-bill-what-landlords-need-to-know,0,false,4xx_5xx_or_fetch_error,false,,0,,0,,,,0,,,,,,,,0,,0,,0,0,,true,true,true,true,true,true,true,false,false,fetch failed,fetch_failed,1,,
http://127.0.0.1:5000/blog/scotland-deposit-protection,/blog/scotland-deposit-protection,0,http://127.0.0.1:5000/blog/scotland-deposit-protection,0,false,4xx_5xx_or_fetch_error,false,,0,,0,,,,0,,,,,,,,0,,0,,0,0,,true,true,true,true,true,true,true,false,false,fetch failed,fetch_failed,1,,
http://127.0.0.1:5000/blog/scotland-eviction-ground-1,/blog/scotland-eviction-ground-1,0,http://127.0.0.1:5000/blog/scotland-eviction-ground-1,0,false,4xx_5xx_or_fetch_error,false,,0,,0,,,,0,,,,,,,,0,,0,,0,0,,true,true,true,true,true,true,true,false,false,fetch failed,fetch_failed,1,,
http://127.0.0.1:5000/blog/scotland-eviction-ground-11,/blog/scotland-eviction-ground-11,0,http://127.0.0.1:5000/blog/scotland-eviction-ground-11,0,false,4xx_5xx_or_fetch_error,false,,0,,0,,,,0,,,,,,,,0,,0,,0,0,,true,true,true,true,true,true,true,false,false,fetch failed,fetch_failed,1,,
http://127.0.0.1:5000/blog/scotland-eviction-ground-12,/blog/scotland-eviction-ground-12,0,http://127.0.0.1:5000/blog/scotland-eviction-ground-12,0,false,4xx_5xx_or_fetch_error,false,,0,,0,,,,0,,,,,,,,0,,0,,0,0,,true,true,true,true,true,true,true,false,false,fetch failed,fetch_failed,1,,
http://127.0.0.1:5000/blog/scotland-eviction-ground-13,/blog/scotland-eviction-ground-13,0,http://127.0.0.1:5000/blog/scotland-eviction-ground-13,0,false,4xx_5xx_or_fetch_error,false,,0,,0,,,,0,,,,,,,,0,,0,,0,0,,true,true,true,true,true,true,true,false,false,fetch failed,fetch_failed,1,,
http://127.0.0.1:5000/blog/scotland-eviction-ground-14,/blog/scotland-eviction-ground-14,0,http://127.0.0.1:5000/blog/scotland-eviction-ground-14,0,false,4xx_5xx_or_fetch_error,false,,0,,0,,,,0,,,,,,,,0,,0,,0,0,,true,true,true,true,true,true,true,false,false,fetch failed,fetch_failed,1,,
http://127.0.0.1:5000/blog/scotland-eviction-ground-15,/blog/scotland-eviction-ground-15,0,http://127.0.0.1:5000/blog/scotland-eviction-ground-15,0,false,4xx_5xx_or_fetch_error,false,,0,,0,,,,0,,,,,,,,0,,0,,0,0,,true,true,true,true,true,true,true,false,false,fetch failed,fetch_failed,1,,
http://127.0.0.1:5000/blog/scotland-eviction-ground-3,/blog/scotland-eviction-ground-3,0,http://127.0.0.1:5000/blog/scotland-eviction-ground-3,0,false,4xx_5xx_or_fetch_error,false,,0,,0,,,,0,,,,,,,,0,,0,,0,0,,true,true,true,true,true,true,true,false,false,fetch failed,fetch_failed,1,,
http://127.0.0.1:5000/blog/scotland-eviction-ground-4,/blog/scotland-eviction-ground-4,0,http://127.0.0.1:5000/blog/scotland-eviction-ground-4,0,false,4xx_5xx_or_fetch_error,false,,0,,0,,,,0,,,,,,,,0,,0,,0,0,,true,true,true,true,true,true,true,false,false,fetch failed,fetch_failed,1,,
http://127.0.0.1:5000/blog/scotland-eviction-ground-6,/blog/scotland-eviction-ground-6,0,http://127.0.0.1:5000/blog/scotland-eviction-ground-6,0,false,4xx_5xx_or_fetch_error,false,,0,,0,,,,0,,,,,,,,0,,0,,0,0,,true,true,true,true,true,true,true,false,false,fetch failed,fetch_failed,1,,
http://127.0.0.1:5000/blog/scotland-eviction-ground-7,/blog/scotland-eviction-ground-7,0,http://127.0.0.1:5000/blog/scotland-eviction-ground-7,0,false,4xx_5xx_or_fetch_error,false,,0,,0,,,,0,,,,,,,,0,,0,,0,0,,true,true,true,true,true,true,true,false,false,fetch failed,fetch_failed,1,,
http://127.0.0.1:5000/blog/scotland-eviction-process,/blog/scotland-eviction-process,0,http://127.0.0.1:5000/blog/scotland-eviction-process,0,false,4xx_5xx_or_fetch_error,false,,0,,0,,,,0,,,,,,,,0,,0,,0,0,,true,true,true,true,true,true,true,false,false,fetch failed,fetch_failed,1,,
http://127.0.0.1:5000/blog/scotland-first-tier-tribunal,/blog/scotland-first-tier-tribunal,0,http://127.0.0.1:5000/blog/scotland-first-tier-tribunal,0,false,4xx_5xx_or_fetch_error,false,,0,,0,,,,0,,,,,,,,0,,0,,0,0,,true,true,true,true,true,true,true,false,false,fetch failed,fetch_failed,1,,
http://127.0.0.1:5000/blog/scotland-hmo-licensing,/blog/scotland-hmo-licensing,0,http://127.0.0.1:5000/blog/scotland-hmo-licensing,0,false,4xx_5xx_or_fetch_error,false,,0,,0,,,,0,,,,,,,,0,,0,,0,0,,true,true,true,true,true,true,true,false,false,fetch failed,fetch_failed,1,,
http://127.0.0.1:5000/blog/scotland-landlord-registration,/blog/scotland-landlord-registration,0,http://127.0.0.1:5000/blog/scotland-landlord-registration,0,false,4xx_5xx_or_fetch_error,false,,0,,0,,,,0,,,,,,,,0,,0,,0,0,,true,true,true,true,true,true,true,false,false,fetch failed,fetch_failed,1,,
http://127.0.0.1:5000/blog/scotland-notice-to-leave,/blog/scotland-notice-to-leave,0,http://127.0.0.1:5000/blog/scotland-notice-to-leave,0,false,4xx_5xx_or_fetch_error,false,,0,,0,,,,0,,,,,,,,0,,0,,0,0,,true,true,true,true,true,true,true,false,false,fetch failed,fetch_failed,1,,
http://127.0.0.1:5000/blog/scotland-private-residential-tenancy,/blog/scotland-private-residential-tenancy,0,http://127.0.0.1:5000/blog/scotland-private-residential-tenancy,0,false,4xx_5xx_or_fetch_error,false,,0,,0,,,,0,,,,,,,,0,,0,,0,0,,true,true,true,true,true,true,true,false,false,fetch failed,fetch_failed,1,,
http://127.0.0.1:5000/blog/scotland-repairing-standard,/blog/scotland-repairing-standard,0,http://127.0.0.1:5000/blog/scotland-repairing-standard,0,false,4xx_5xx_or_fetch_error,false,,0,,0,,,,0,,,,,,,,0,,0,,0,0,,true,true,true,true,true,true,true,false,false,fetch failed,fetch_failed,1,,
http://127.0.0.1:5000/blog/scotland-simple-procedure,/blog/scotland-simple-procedure,0,http://127.0.0.1:5000/blog/scotland-simple-procedure,0,false,4xx_5xx_or_fetch_error,false,,0,,0,,,,0,,,,,,,,0,,0,,0,0,,true,true,true,true,true,true,true,false,false,fetch failed,fetch_failed,1,,
http://127.0.0.1:5000/blog/section-21-vs-section-8,/blog/section-21-vs-section-8,0,http://127.0.0.1:5000/blog/section-21-vs-section-8,0,false,4xx_5xx_or_fetch_error,false,,0,,0,,,,0,,,,,,,,0,,0,,0,0,,true,true,true,true,true,true,true,false,false,fetch failed,fetch_failed,1,,
http://127.0.0.1:5000/blog/should-you-accept-payment-plan-from-tenant,/blog/should-you-accept-payment-plan-from-tenant,0,http://127.0.0.1:5000/blog/should-you-accept-payment-plan-from-tenant,0,false,4xx_5xx_or_fetch_error,false,,0,,0,,,,0,,,,,,,,0,,0,,0,0,,true,true,true,true,true,true,true,false,false,fetch failed,fetch_failed,1,,
http://127.0.0.1:5000/blog/small-claims-court-tips-landlords,/blog/small-claims-court-tips-landlords,0,http://127.0.0.1:5000/blog/small-claims-court-tips-landlords,0,false,4xx_5xx_or_fetch_error,false,,0,,0,,,,0,,,,,,,,0,,0,,0,0,,true,true,true,true,true,true,true,false,false,fetch failed,fetch_failed,1,,
http://127.0.0.1:5000/blog/uk-buy-to-let-investment-guide,/blog/uk-buy-to-let-investment-guide,0,http://127.0.0.1:5000/blog/uk-buy-to-let-investment-guide,0,false,4xx_5xx_or_fetch_error,false,,0,,0,,,,0,,,,,,,,0,,0,,0,0,,true,true,true,true,true,true,true,false,false,fetch failed,fetch_failed,1,,
http://127.0.0.1:5000/blog/uk-corporate-letting-guide,/blog/uk-corporate-letting-guide,0,http://127.0.0.1:5000/blog/uk-corporate-letting-guide,0,false,4xx_5xx_or_fetch_error,false,,0,,0,,,,0,,,,,,,,0,,0,,0,0,,true,true,true,true,true,true,true,false,false,fetch failed,fetch_failed,1,,
http://127.0.0.1:5000/blog/uk-deposit-protection-guide,/blog/uk-deposit-protection-guide,0,http://127.0.0.1:5000/blog/uk-deposit-protection-guide,0,false,4xx_5xx_or_fetch_error,false,,0,,0,,,,0,,,,,,,,0,,0,,0,0,,true,true,true,true,true,true,true,false,false,fetch failed,fetch_failed,1,,
http://127.0.0.1:5000/blog/uk-electrical-safety-guide,/blog/uk-electrical-safety-guide,0,http://127.0.0.1:5000/blog/uk-electrical-safety-guide,0,false,4xx_5xx_or_fetch_error,false,,0,,0,,,,0,,,,,,,,0,,0,,0,0,,true,true,true,true,true,true,true,false,false,fetch failed,fetch_failed,1,,
http://127.0.0.1:5000/blog/uk-electrical-safety-landlords,/blog/uk-electrical-safety-landlords,0,http://127.0.0.1:5000/blog/uk-electrical-safety-landlords,0,false,4xx_5xx_or_fetch_error,false,,0,,0,,,,0,,,,,,,,0,,0,,0,0,,true,true,true,true,true,true,true,false,false,fetch failed,fetch_failed,1,,
http://127.0.0.1:5000/blog/uk-end-of-tenancy-guide,/blog/uk-end-of-tenancy-guide,0,http://127.0.0.1:5000/blog/uk-end-of-tenancy-guide,0,false,4xx_5xx_or_fetch_error,false,,0,,0,,,,0,,,,,,,,0,,0,,0,0,,true,true,true,true,true,true,true,false,false,fetch failed,fetch_failed,1,,
http://127.0.0.1:5000/blog/uk-epc-requirements-guide,/blog/uk-epc-requirements-guide,0,http://127.0.0.1:5000/blog/uk-epc-requirements-guide,0,false,4xx_5xx_or_fetch_error,false,,0,,0,,,,0,,,,,,,,0,,0,,0,0,,true,true,true,true,true,true,true,false,false,fetch failed,fetch_failed,1,,
http://127.0.0.1:5000/blog/uk-fire-safety-landlords,/blog/uk-fire-safety-landlords,0,http://127.0.0.1:5000/blog/uk-fire-safety-landlords,0,false,4xx_5xx_or_fetch_error,false,,0,,0,,,,0,,,,,,,,0,,0,,0,0,,true,true,true,true,true,true,true,false,false,fetch failed,fetch_failed,1,,
http://127.0.0.1:5000/blog/uk-furnished-unfurnished-letting-guide,/blog/uk-furnished-unfurnished-letting-guide,0,http://127.0.0.1:5000/blog/uk-furnished-unfurnished-letting-guide,0,false,4xx_5xx_or_fetch_error,false,,0,,0,,,,0,,,,,,,,0,,0,,0,0,,true,true,true,true,true,true,true,false,false,fetch failed,fetch_failed,1,,
http://127.0.0.1:5000/blog/uk-gas-safety-landlords,/blog/uk-gas-safety-landlords,0,http://127.0.0.1:5000/blog/uk-gas-safety-landlords,0,false,4xx_5xx_or_fetch_error,false,,0,,0,,,,0,,,,,,,,0,,0,,0,0,,true,true,true,true,true,true,true,false,false,fetch failed,fetch_failed,1,,
http://127.0.0.1:5000/blog/uk-guarantor-agreements-guide,/blog/uk-guarantor-agreements-guide,0,http://127.0.0.1:5000/blog/uk-guarantor-agreements-guide,0,false,4xx_5xx_or_fetch_error,false,,0,,0,,,,0,,,,,,,,0,,0,,0,0,,true,true,true,true,true,true,true,false,false,fetch failed,fetch_failed,1,,
http://127.0.0.1:5000/blog/uk-hmo-management-guide,/blog/uk-hmo-management-guide,0,http://127.0.0.1:5000/blog/uk-hmo-management-guide,0,false,4xx_5xx_or_fetch_error,false,,0,,0,,,,0,,,,,,,,0,,0,,0,0,,true,true,true,true,true,true,true,false,false,fetch failed,fetch_failed,1,,
http://127.0.0.1:5000/blog/uk-hmo-regulations-guide,/blog/uk-hmo-regulations-guide,0,http://127.0.0.1:5000/blog/uk-hmo-regulations-guide,0,false,4xx_5xx_or_fetch_error,false,,0,,0,,,,0,,,,,,,,0,,0,,0,0,,true,true,true,true,true,true,true,false,false,fetch failed,fetch_failed,1,,
http://127.0.0.1:5000/blog/uk-holiday-let-regulations-guide,/blog/uk-holiday-let-regulations-guide,0,http://127.0.0.1:5000/blog/uk-holiday-let-regulations-guide,0,false,4xx_5xx_or_fetch_error,false,,0,,0,,,,0,,,,,,,,0,,0,,0,0,,true,true,true,true,true,true,true,false,false,fetch failed,fetch_failed,1,,
http://127.0.0.1:5000/blog/uk-landlord-associations-guide,/blog/uk-landlord-associations-guide,0,http://127.0.0.1:5000/blog/uk-landlord-associations-guide,0,false,4xx_5xx_or_fetch_error,false,,0,,0,,,,0,,,,,,,,0,,0,,0,0,,true,true,true,true,true,true,true,false,false,fetch failed,fetch_failed,1,,
http://127.0.0.1:5000/blog/uk-landlord-insurance-guide,/blog/uk-landlord-insurance-guide,0,http://127.0.0.1:5000/blog/uk-landlord-insurance-guide,0,false,4xx_5xx_or_fetch_error,false,,0,,0,,,,0,,,,,,,,0,,0,,0,0,,true,true,true,true,true,true,true,false,false,fetch failed,fetch_failed,1,,
http://127.0.0.1:5000/blog/uk-landlord-licensing-guide,/blog/uk-landlord-licensing-guide,0,http://127.0.0.1:5000/blog/uk-landlord-licensing-guide,0,false,4xx_5xx_or_fetch_error,false,,0,,0,,,,0,,,,,,,,0,,0,,0,0,,true,true,true,true,true,true,true,false,false,fetch failed,fetch_failed,1,,
http://127.0.0.1:5000/blog/uk-landlord-software-tools-guide,/blog/uk-landlord-software-tools-guide,0,http://127.0.0.1:5000/blog/uk-landlord-software-tools-guide,0,false,4xx_5xx_or_fetch_error,false,,0,,0,,,,0,,,,,,,,0,,0,,0,0,,true,true,true,true,true,true,true,false,false,fetch failed,fetch_failed,1,,
http://127.0.0.1:5000/blog/uk-landlord-tax-guide,/blog/uk-landlord-tax-guide,0,http://127.0.0.1:5000/blog/uk-landlord-tax-guide,0,false,4xx_5xx_or_fetch_error,false,,0,,0,,,,0,,,,,,,,0,,0,,0,0,,true,true,true,true,true,true,true,false,false,fetch failed,fetch_failed,1,,
http://127.0.0.1:5000/blog/uk-landlord-tenant-communication,/blog/uk-landlord-tenant-communication,0,http://127.0.0.1:5000/blog/uk-landlord-tenant-communication,0,false,4xx_5xx_or_fetch_error,false,,0,,0,,,,0,,,,,,,,0,,0,,0,0,,true,true,true,true,true,true,true,false,false,fetch failed,fetch_failed,1,,
http://127.0.0.1:5000/blog/uk-letting-agent-selection-guide,/blog/uk-letting-agent-selection-guide,0,http://127.0.0.1:5000/blog/uk-letting-agent-selection-guide,0,false,4xx_5xx_or_fetch_error,false,,0,,0,,,,0,,,,,,,,0,,0,,0,0,,true,true,true,true,true,true,true,false,false,fetch failed,fetch_failed,1,,
http://127.0.0.1:5000/blog/uk-money-claims-online-guide,/blog/uk-money-claims-online-guide,0,http://127.0.0.1:5000/blog/uk-money-claims-online-guide,0,false,4xx_5xx_or_fetch_error,false,,0,,0,,,,0,,,,,,,,0,,0,,0,0,,true,true,true,true,true,true,true,false,false,fetch failed,fetch_failed,1,,
http://127.0.0.1:5000/blog/uk-property-inspections-guide,/blog/uk-property-inspections-guide,0,http://127.0.0.1:5000/blog/uk-property-inspections-guide,0,false,4xx_5xx_or_fetch_error,false,,0,,0,,,,0,,,,,,,,0,,0,,0,0,,true,true,true,true,true,true,true,false,false,fetch failed,fetch_failed,1,,
http://127.0.0.1:5000/blog/uk-property-inventory-guide,/blog/uk-property-inventory-guide,0,http://127.0.0.1:5000/blog/uk-property-inventory-guide,0,false,4xx_5xx_or_fetch_error,false,,0,,0,,,,0,,,,,,,,0,,0,,0,0,,true,true,true,true,true,true,true,false,false,fetch failed,fetch_failed,1,,
http://127.0.0.1:5000/blog/uk-property-maintenance-obligations,/blog/uk-property-maintenance-obligations,0,http://127.0.0.1:5000/blog/uk-property-maintenance-obligations,0,false,4xx_5xx_or_fetch_error,false,,0,,0,,,,0,,,,,,,,0,,0,,0,0,,true,true,true,true,true,true,true,false,false,fetch failed,fetch_failed,1,,
http://127.0.0.1:5000/blog/uk-property-marketing-guide,/blog/uk-property-marketing-guide,0,http://127.0.0.1:5000/blog/uk-property-marketing-guide,0,false,4xx_5xx_or_fetch_error,false,,0,,0,,,,0,,,,,,,,0,,0,,0,0,,true,true,true,true,true,true,true,false,false,fetch failed,fetch_failed,1,,
http://127.0.0.1:5000/blog/uk-property-portfolio-growth-guide,/blog/uk-property-portfolio-growth-guide,0,http://127.0.0.1:5000/blog/uk-property-portfolio-growth-guide,0,false,4xx_5xx_or_fetch_error,false,,0,,0,,,,0,,,,,,,,0,,0,,0,0,,true,true,true,true,true,true,true,false,false,fetch failed,fetch_failed,1,,
http://127.0.0.1:5000/blog/uk-rent-arrears-guide,/blog/uk-rent-arrears-guide,0,http://127.0.0.1:5000/blog/uk-rent-arrears-guide,0,false,4xx_5xx_or_fetch_error,false,,0,,0,,,,0,,,,,,,,0,,0,,0,0,,true,true,true,true,true,true,true,false,false,fetch failed,fetch_failed,1,,
http://127.0.0.1:5000/blog/uk-rent-collection-methods-guide,/blog/uk-rent-collection-methods-guide,0,http://127.0.0.1:5000/blog/uk-rent-collection-methods-guide,0,false,4xx_5xx_or_fetch_error,false,,0,,0,,,,0,,,,,,,,0,,0,,0,0,,true,true,true,true,true,true,true,false,false,fetch failed,fetch_failed,1,,
http://127.0.0.1:5000/blog/uk-right-to-rent-checks,/blog/uk-right-to-rent-checks,0,http://127.0.0.1:5000/blog/uk-right-to-rent-checks,0,false,4xx_5xx_or_fetch_error,false,,0,,0,,,,0,,,,,,,,0,,0,,0,0,,true,true,true,true,true,true,true,false,false,fetch failed,fetch_failed,1,,
http://127.0.0.1:5000/blog/uk-right-to-rent-guide,/blog/uk-right-to-rent-guide,0,http://127.0.0.1:5000/blog/uk-right-to-rent-guide,0,false,4xx_5xx_or_fetch_error,false,,0,,0,,,,0,,,,,,,,0,,0,,0,0,,true,true,true,true,true,true,true,false,false,fetch failed,fetch_failed,1,,
http://127.0.0.1:5000/blog/uk-smoke-co-alarm-regulations-guide,/blog/uk-smoke-co-alarm-regulations-guide,0,http://127.0.0.1:5000/blog/uk-smoke-co-alarm-regulations-guide,0,false,4xx_5xx_or_fetch_error,false,,0,,0,,,,0,,,,,,,,0,,0,,0,0,,true,true,true,true,true,true,true,false,false,fetch failed,fetch_failed,1,,
http://127.0.0.1:5000/blog/uk-student-letting-guide,/blog/uk-student-letting-guide,0,http://127.0.0.1:5000/blog/uk-student-letting-guide,0,false,4xx_5xx_or_fetch_error,false,,0,,0,,,,0,,,,,,,,0,,0,,0,0,,true,true,true,true,true,true,true,false,false,fetch failed,fetch_failed,1,,
http://127.0.0.1:5000/blog/uk-tenancy-agreements-guide,/blog/uk-tenancy-agreements-guide,0,http://127.0.0.1:5000/blog/uk-tenancy-agreements-guide,0,false,4xx_5xx_or_fetch_error,false,,0,,0,,,,0,,,,,,,,0,,0,,0,0,,true,true,true,true,true,true,true,false,false,fetch failed,fetch_failed,1,,
http://127.0.0.1:5000/blog/uk-tenant-move-in-checklist-guide,/blog/uk-tenant-move-in-checklist-guide,0,http://127.0.0.1:5000/blog/uk-tenant-move-in-checklist-guide,0,false,4xx_5xx_or_fetch_error,false,,0,,0,,,,0,,,,,,,,0,,0,,0,0,,true,true,true,true,true,true,true,false,false,fetch failed,fetch_failed,1,,
http://127.0.0.1:5000/blog/uk-tenant-referencing-guide,/blog/uk-tenant-referencing-guide,0,http://127.0.0.1:5000/blog/uk-tenant-referencing-guide,0,false,4xx_5xx_or_fetch_error,false,,0,,0,,,,0,,,,,,,,0,,0,,0,0,,true,true,true,true,true,true,true,false,false,fetch failed,fetch_failed,1,,
http://127.0.0.1:5000/blog/uk-tenant-retention-guide,/blog/uk-tenant-retention-guide,0,http://127.0.0.1:5000/blog/uk-tenant-retention-guide,0,false,4xx_5xx_or_fetch_error,false,,0,,0,,,,0,,,,,,,,0,,0,,0,0,,true,true,true,true,true,true,true,false,false,fetch failed,fetch_failed,1,,
http://127.0.0.1:5000/blog/uk-void-period-management-guide,/blog/uk-void-period-management-guide,0,http://127.0.0.1:5000/blog/uk-void-period-management-guide,0,false,4xx_5xx_or_fetch_error,false,,0,,0,,,,0,,,,,,,,0,,0,,0,0,,true,true,true,true,true,true,true,false,false,fetch failed,fetch_failed,1,,
http://127.0.0.1:5000/blog/wales-abandoned-property,/blog/wales-abandoned-property,0,http://127.0.0.1:5000/blog/wales-abandoned-property,0,false,4xx_5xx_or_fetch_error,false,,0,,0,,,,0,,,,,,,,0,,0,,0,0,,true,true,true,true,true,true,true,false,false,fetch failed,fetch_failed,1,,
http://127.0.0.1:5000/blog/wales-anti-social-behaviour-possession,/blog/wales-anti-social-behaviour-possession,0,http://127.0.0.1:5000/blog/wales-anti-social-behaviour-possession,0,false,4xx_5xx_or_fetch_error,false,,0,,0,,,,0,,,,,,,,0,,0,,0,0,,true,true,true,true,true,true,true,false,false,fetch failed,fetch_failed,1,,
http://127.0.0.1:5000/blog/wales-contract-holder-rights,/blog/wales-contract-holder-rights,0,http://127.0.0.1:5000/blog/wales-contract-holder-rights,0,false,4xx_5xx_or_fetch_error,false,,0,,0,,,,0,,,,,,,,0,,0,,0,0,,true,true,true,true,true,true,true,false,false,fetch failed,fetch_failed,1,,
http://127.0.0.1:5000/blog/wales-deposit-protection,/blog/wales-deposit-protection,0,http://127.0.0.1:5000/blog/wales-deposit-protection,0,false,4xx_5xx_or_fetch_error,false,,0,,0,,,,0,,,,,,,,0,,0,,0,0,,true,true,true,true,true,true,true,false,false,fetch failed,fetch_failed,1,,
http://127.0.0.1:5000/blog/wales-epc-requirements,/blog/wales-epc-requirements,0,http://127.0.0.1:5000/blog/wales-epc-requirements,0,false,4xx_5xx_or_fetch_error,false,,0,,0,,,,0,,,,,,,,0,,0,,0,0,,true,true,true,true,true,true,true,false,false,fetch failed,fetch_failed,1,,
http://127.0.0.1:5000/blog/wales-eviction-process,/blog/wales-eviction-process,0,http://127.0.0.1:5000/blog/wales-eviction-process,0,false,4xx_5xx_or_fetch_error,false,,0,,0,,,,0,,,,,,,,0,,0,,0,0,,true,true,true,true,true,true,true,false,false,fetch failed,fetch_failed,1,,
http://127.0.0.1:5000/blog/wales-fitness-human-habitation,/blog/wales-fitness-human-habitation,0,http://127.0.0.1:5000/blog/wales-fitness-human-habitation,0,false,4xx_5xx_or_fetch_error,false,,0,,0,,,,0,,,,,,,,0,,0,,0,0,,true,true,true,true,true,true,true,false,false,fetch failed,fetch_failed,1,,
http://127.0.0.1:5000/blog/wales-gas-electrical-safety,/blog/wales-gas-electrical-safety,0,http://127.0.0.1:5000/blog/wales-gas-electrical-safety,0,false,4xx_5xx_or_fetch_error,false,,0,,0,,,,0,,,,,,,,0,,0,,0,0,,true,true,true,true,true,true,true,false,false,fetch failed,fetch_failed,1,,
http://127.0.0.1:5000/blog/wales-hmo-licensing,/blog/wales-hmo-licensing,0,http://127.0.0.1:5000/blog/wales-hmo-licensing,0,false,4xx_5xx_or_fetch_error,false,,0,,0,,,,0,,,,,,,,0,,0,,0,0,,true,true,true,true,true,true,true,false,false,fetch failed,fetch_failed,1,,
http://127.0.0.1:5000/blog/wales-joint-tenancies,/blog/wales-joint-tenancies,0,http://127.0.0.1:5000/blog/wales-joint-tenancies,0,false,4xx_5xx_or_fetch_error,false,,0,,0,,,,0,,,,,,,,0,,0,,0,0,,true,true,true,true,true,true,true,false,false,fetch failed,fetch_failed,1,,
http://127.0.0.1:5000/blog/wales-landlord-obligations-checklist,/blog/wales-landlord-obligations-checklist,0,http://127.0.0.1:5000/blog/wales-landlord-obligations-checklist,0,false,4xx_5xx_or_fetch_error,false,,0,,0,,,,0,,,,,,,,0,,0,,0,0,,true,true,true,true,true,true,true,false,false,fetch failed,fetch_failed,1,,
http://127.0.0.1:5000/blog/wales-notice-periods-landlords,/blog/wales-notice-periods-landlords,0,http://127.0.0.1:5000/blog/wales-notice-periods-landlords,0,false,4xx_5xx_or_fetch_error,false,,0,,0,,,,0,,,,,,,,0,,0,,0,0,,true,true,true,true,true,true,true,false,false,fetch failed,fetch_failed,1,,
http://127.0.0.1:5000/blog/wales-possession-grounds,/blog/wales-possession-grounds,0,http://127.0.0.1:5000/blog/wales-possession-grounds,0,false,4xx_5xx_or_fetch_error,false,,0,,0,,,,0,,,,,,,,0,,0,,0,0,,true,true,true,true,true,true,true,false,false,fetch failed,fetch_failed,1,,
http://127.0.0.1:5000/blog/wales-rent-increases,/blog/wales-rent-increases,0,http://127.0.0.1:5000/blog/wales-rent-increases,0,false,4xx_5xx_or_fetch_error,false,,0,,0,,,,0,,,,,,,,0,,0,,0,0,,true,true,true,true,true,true,true,false,false,fetch failed,fetch_failed,1,,
http://127.0.0.1:5000/blog/wales-renting-homes-act,/blog/wales-renting-homes-act,0,http://127.0.0.1:5000/blog/wales-renting-homes-act,0,false,4xx_5xx_or_fetch_error,false,,0,,0,,,,0,,,,,,,,0,,0,,0,0,,true,true,true,true,true,true,true,false,false,fetch failed,fetch_failed,1,,
http://127.0.0.1:5000/blog/wales-residential-property-tribunal,/blog/wales-residential-property-tribunal,0,http://127.0.0.1:5000/blog/wales-residential-property-tribunal,0,false,4xx_5xx_or_fetch_error,false,,0,,0,,,,0,,,,,,,,0,,0,,0,0,,true,true,true,true,true,true,true,false,false,fetch failed,fetch_failed,1,,
http://127.0.0.1:5000/blog/wales-standard-occupation-contract,/blog/wales-standard-occupation-contract,0,http://127.0.0.1:5000/blog/wales-standard-occupation-contract,0,false,4xx_5xx_or_fetch_error,false,,0,,0,,,,0,,,,,,,,0,,0,,0,0,,true,true,true,true,true,true,true,false,false,fetch failed,fetch_failed,1,,
http://127.0.0.1:5000/blog/what-is-county-court-judgment-landlords,/blog/what-is-county-court-judgment-landlords,0,http://127.0.0.1:5000/blog/what-is-county-court-judgment-landlords,0,false,4xx_5xx_or_fetch_error,false,,0,,0,,,,0,,,,,,,,0,,0,,0,0,,true,true,true,true,true,true,true,false,false,fetch failed,fetch_failed,1,,
http://127.0.0.1:5000/blog/what-is-section-21-notice,/blog/what-is-section-21-notice,0,http://127.0.0.1:5000/blog/what-is-section-21-notice,0,false,4xx_5xx_or_fetch_error,false,,0,,0,,,,0,,,,,,,,0,,0,,0,0,,true,true,true,true,true,true,true,false,false,fetch failed,fetch_failed,1,,
http://127.0.0.1:5000/blog/what-to-do-when-tenant-wont-pay,/blog/what-to-do-when-tenant-wont-pay,0,http://127.0.0.1:5000/blog/what-to-do-when-tenant-wont-pay,0,false,4xx_5xx_or_fetch_error,false,,0,,0,,,,0,,,,,,,,0,,0,,0,0,,true,true,true,true,true,true,true,false,false,fetch failed,fetch_failed,1,,
http://127.0.0.1:5000/blog/when-to-use-guarantor-clause-tenancy,/blog/when-to-use-guarantor-clause-tenancy,0,http://127.0.0.1:5000/blog/when-to-use-guarantor-clause-tenancy,0,false,4xx_5xx_or_fetch_error,false,,0,,0,,,,0,,,,,,,,0,,0,,0,0,,true,true,true,true,true,true,true,false,false,fetch failed,fetch_failed,1,,
http://127.0.0.1:5000/claim-rent-arrears-tenant,/claim-rent-arrears-tenant,0,http://127.0.0.1:5000/claim-rent-arrears-tenant,0,false,4xx_5xx_or_fetch_error,false,,0,,0,,,,0,,,,,,,,0,,0,,0,0,,true,true,true,true,true,true,true,false,false,fetch failed,fetch_failed,1,,
http://127.0.0.1:5000/common-prt-tenancy-mistakes-scotland,/common-prt-tenancy-mistakes-scotland,0,http://127.0.0.1:5000/common-prt-tenancy-mistakes-scotland,0,false,4xx_5xx_or_fetch_error,false,,0,,0,,,,0,,,,,,,,0,,0,,0,0,,true,true,true,true,true,true,true,false,false,fetch failed,fetch_failed,1,,
http://127.0.0.1:5000/contact,/contact,0,http://127.0.0.1:5000/contact,0,false,4xx_5xx_or_fetch_error,false,,0,,0,,,,0,,,,,,,,0,,0,,0,0,,true,true,true,true,true,true,true,false,false,fetch failed,fetch_failed,1,,
http://127.0.0.1:5000/cookies,/cookies,0,http://127.0.0.1:5000/cookies,0,false,4xx_5xx_or_fetch_error,false,,0,,0,,,,0,,,,,,,,0,,0,,0,0,,true,true,true,true,true,true,true,false,false,fetch failed,fetch_failed,1,,
http://127.0.0.1:5000/county-court-claim-form-guide,/county-court-claim-form-guide,0,http://127.0.0.1:5000/county-court-claim-form-guide,0,false,4xx_5xx_or_fetch_error,false,,0,,0,,,,0,,,,,,,,0,,0,,0,0,,true,true,true,true,true,true,true,false,false,fetch failed,fetch_failed,1,,
http://127.0.0.1:5000/dashboard,/dashboard,0,http://127.0.0.1:5000/dashboard,0,false,4xx_5xx_or_fetch_error,false,,0,,0,,,,0,,,,,,,,0,,0,,0,0,,true,true,true,true,true,true,true,false,false,fetch failed,fetch_failed,1,,
http://127.0.0.1:5000/eicr-landlord-requirements,/eicr-landlord-requirements,0,http://127.0.0.1:5000/eicr-landlord-requirements,0,false,4xx_5xx_or_fetch_error,false,,0,,0,,,,0,,,,,,,,0,,0,,0,0,,true,true,true,true,true,true,true,false,false,fetch failed,fetch_failed,1,,
http://127.0.0.1:5000/eviction-cost-uk,/eviction-cost-uk,0,http://127.0.0.1:5000/eviction-cost-uk,0,false,4xx_5xx_or_fetch_error,false,,0,,0,,,,0,,,,,,,,0,,0,,0,0,,true,true,true,true,true,true,true,false,false,fetch failed,fetch_failed,1,,
http://127.0.0.1:5000/eviction-notice,/eviction-notice,0,http://127.0.0.1:5000/eviction-notice,0,false,4xx_5xx_or_fetch_error,false,,0,,0,,,,0,,,,,,,,0,,0,,0,0,,true,true,true,true,true,true,true,false,false,fetch failed,fetch_failed,1,,
http://127.0.0.1:5000/eviction-notice-template,/eviction-notice-template,0,http://127.0.0.1:5000/eviction-notice-template,0,false,4xx_5xx_or_fetch_error,false,,0,,0,,,,0,,,,,,,,0,,0,,0,0,,true,true,true,true,true,true,true,false,false,fetch failed,fetch_failed,1,,
http://127.0.0.1:5000/eviction-notice-uk,/eviction-notice-uk,0,http://127.0.0.1:5000/eviction-notice-uk,0,false,4xx_5xx_or_fetch_error,false,,0,,0,,,,0,,,,,,,,0,,0,,0,0,,true,true,true,true,true,true,true,false,false,fetch failed,fetch_failed,1,,
http://127.0.0.1:5000/eviction-pack-england,/eviction-pack-england,0,http://127.0.0.1:5000/eviction-pack-england,0,false,4xx_5xx_or_fetch_error,false,,0,,0,,,,0,,,,,,,,0,,0,,0,0,,true,true,true,true,true,true,true,false,false,fetch failed,fetch_failed,1,,
http://127.0.0.1:5000/eviction-process-england,/eviction-process-england,0,http://127.0.0.1:5000/eviction-process-england,0,false,4xx_5xx_or_fetch_error,false,,0,,0,,,,0,,,,,,,,0,,0,,0,0,,true,true,true,true,true,true,true,false,false,fetch failed,fetch_failed,1,,
http://127.0.0.1:5000/eviction-process-scotland,/eviction-process-scotland,0,http://127.0.0.1:5000/eviction-process-scotland,0,false,4xx_5xx_or_fetch_error,false,,0,,0,,,,0,,,,,,,,0,,0,,0,0,,true,true,true,true,true,true,true,false,false,fetch failed,fetch_failed,1,,
http://127.0.0.1:5000/eviction-process-wales,/eviction-process-wales,0,http://127.0.0.1:5000/eviction-process-wales,0,false,4xx_5xx_or_fetch_error,false,,0,,0,,,,0,,,,,,,,0,,0,,0,0,,true,true,true,true,true,true,true,false,false,fetch failed,fetch_failed,1,,
http://127.0.0.1:5000/fixed-term-periodic-occupation-contract-wales,/fixed-term-periodic-occupation-contract-wales,0,http://127.0.0.1:5000/fixed-term-periodic-occupation-contract-wales,0,false,4xx_5xx_or_fetch_error,false,,0,,0,,,,0,,,,,,,,0,,0,,0,0,,true,true,true,true,true,true,true,false,false,fetch failed,fetch_failed,1,,
http://127.0.0.1:5000/fixed-term-periodic-tenancy-england,/fixed-term-periodic-tenancy-england,0,http://127.0.0.1:5000/fixed-term-periodic-tenancy-england,0,false,4xx_5xx_or_fetch_error,false,,0,,0,,,,0,,,,,,,,0,,0,,0,0,,true,true,true,true,true,true,true,false,false,fetch failed,fetch_failed,1,,
http://127.0.0.1:5000/fixed-term-tenancy-agreement-northern-ireland,/fixed-term-tenancy-agreement-northern-ireland,0,http://127.0.0.1:5000/fixed-term-tenancy-agreement-northern-ireland,0,false,4xx_5xx_or_fetch_error,false,,0,,0,,,,0,,,,,,,,0,,0,,0,0,,true,true,true,true,true,true,true,false,false,fetch failed,fetch_failed,1,,
http://127.0.0.1:5000/fixed-term-tenancy-agreement-template,/fixed-term-tenancy-agreement-template,0,http://127.0.0.1:5000/fixed-term-tenancy-agreement-template,0,false,4xx_5xx_or_fetch_error,false,,0,,0,,,,0,,,,,,,,0,,0,,0,0,,true,true,true,true,true,true,true,false,false,fetch failed,fetch_failed,1,,
http://127.0.0.1:5000/form-3-section-8,/form-3-section-8,0,http://127.0.0.1:5000/form-3-section-8,0,false,4xx_5xx_or_fetch_error,false,,0,,0,,,,0,,,,,,,,0,,0,,0,0,,true,true,true,true,true,true,true,false,false,fetch failed,fetch_failed,1,,
http://127.0.0.1:5000/form-6a-section-21,/form-6a-section-21,0,http://127.0.0.1:5000/form-6a-section-21,0,false,4xx_5xx_or_fetch_error,false,,0,,0,,,,0,,,,,,,,0,,0,,0,0,,true,true,true,true,true,true,true,false,false,fetch failed,fetch_failed,1,,
http://127.0.0.1:5000/help,/help,0,http://127.0.0.1:5000/help,0,false,4xx_5xx_or_fetch_error,false,,0,,0,,,,0,,,,,,,,0,,0,,0,0,,true,true,true,true,true,true,true,false,false,fetch failed,fetch_failed,1,,
http://127.0.0.1:5000/how-to-evict-tenant,/how-to-evict-tenant,0,http://127.0.0.1:5000/how-to-evict-tenant,0,false,4xx_5xx_or_fetch_error,false,,0,,0,,,,0,,,,,,,,0,,0,,0,0,,true,true,true,true,true,true,true,false,false,fetch failed,fetch_failed,1,,
http://127.0.0.1:5000/how-to-rent-guide,/how-to-rent-guide,0,http://127.0.0.1:5000/how-to-rent-guide,0,false,4xx_5xx_or_fetch_error,false,,0,,0,,,,0,,,,,,,,0,,0,,0,0,,true,true,true,true,true,true,true,false,false,fetch failed,fetch_failed,1,,
http://127.0.0.1:5000/how-to-sue-tenant-for-unpaid-rent,/how-to-sue-tenant-for-unpaid-rent,0,http://127.0.0.1:5000/how-to-sue-tenant-for-unpaid-rent,0,false,4xx_5xx_or_fetch_error,false,,0,,0,,,,0,,,,,,,,0,,0,,0,0,,true,true,true,true,true,true,true,false,false,fetch failed,fetch_failed,1,,
http://127.0.0.1:5000/joint-occupation-contract-wales,/joint-occupation-contract-wales,0,http://127.0.0.1:5000/joint-occupation-contract-wales,0,false,4xx_5xx_or_fetch_error,false,,0,,0,,,,0,,,,,,,,0,,0,,0,0,,true,true,true,true,true,true,true,false,false,fetch failed,fetch_failed,1,,
http://127.0.0.1:5000/joint-prt-tenancy-agreement-scotland,/joint-prt-tenancy-agreement-scotland,0,http://127.0.0.1:5000/joint-prt-tenancy-agreement-scotland,0,false,4xx_5xx_or_fetch_error,false,,0,,0,,,,0,,,,,,,,0,,0,,0,0,,true,true,true,true,true,true,true,false,false,fetch failed,fetch_failed,1,,
http://127.0.0.1:5000/joint-tenancy-agreement-england,/joint-tenancy-agreement-england,0,http://127.0.0.1:5000/joint-tenancy-agreement-england,0,false,4xx_5xx_or_fetch_error,false,,0,,0,,,,0,,,,,,,,0,,0,,0,0,,true,true,true,true,true,true,true,false,false,fetch failed,fetch_failed,1,,
http://127.0.0.1:5000/joint-tenancy-agreement-northern-ireland,/joint-tenancy-agreement-northern-ireland,0,http://127.0.0.1:5000/joint-tenancy-agreement-northern-ireland,0,false,4xx_5xx_or_fetch_error,false,,0,,0,,,,0,,,,,,,,0,,0,,0,0,,true,true,true,true,true,true,true,false,false,fetch failed,fetch_failed,1,,
http://127.0.0.1:5000/joint-tenancy-agreement-template,/joint-tenancy-agreement-template,0,http://127.0.0.1:5000/joint-tenancy-agreement-template,0,false,4xx_5xx_or_fetch_error,false,,0,,0,,,,0,,,,,,,,0,,0,,0,0,,true,true,true,true,true,true,true,false,false,fetch failed,fetch_failed,1,,
http://127.0.0.1:5000/lodger-agreement-template,/lodger-agreement-template,0,http://127.0.0.1:5000/lodger-agreement-template,0,false,4xx_5xx_or_fetch_error,false,,0,,0,,,,0,,,,,,,,0,,0,,0,0,,true,true,true,true,true,true,true,false,false,fetch failed,fetch_failed,1,,
http://127.0.0.1:5000/mcol-money-claim-online,/mcol-money-claim-online,0,http://127.0.0.1:5000/mcol-money-claim-online,0,false,4xx_5xx_or_fetch_error,false,,0,,0,,,,0,,,,,,,,0,,0,,0,0,,true,true,true,true,true,true,true,false,false,fetch failed,fetch_failed,1,,
http://127.0.0.1:5000/money-claim,/money-claim,0,http://127.0.0.1:5000/money-claim,0,false,4xx_5xx_or_fetch_error,false,,0,,0,,,,0,,,,,,,,0,,0,,0,0,,true,true,true,true,true,true,true,false,false,fetch failed,fetch_failed,1,,
http://127.0.0.1:5000/money-claim-abandoned-goods,/money-claim-abandoned-goods,0,http://127.0.0.1:5000/money-claim-abandoned-goods,0,false,4xx_5xx_or_fetch_error,false,,0,,0,,,,0,,,,,,,,0,,0,,0,0,,true,true,true,true,true,true,true,false,false,fetch failed,fetch_failed,1,,
http://127.0.0.1:5000/money-claim-appliance-damage,/money-claim-appliance-damage,0,http://127.0.0.1:5000/money-claim-appliance-damage,0,false,4xx_5xx_or_fetch_error,false,,0,,0,,,,0,,,,,,,,0,,0,,0,0,,true,true,true,true,true,true,true,false,false,fetch failed,fetch_failed,1,,
http://127.0.0.1:5000/money-claim-bathroom-damage,/money-claim-bathroom-damage,0,http://127.0.0.1:5000/money-claim-bathroom-damage,0,false,4xx_5xx_or_fetch_error,false,,0,,0,,,,0,,,,,,,,0,,0,,0,0,,true,true,true,true,true,true,true,false,false,fetch failed,fetch_failed,1,,
http://127.0.0.1:5000/money-claim-carpet-damage,/money-claim-carpet-damage,0,http://127.0.0.1:5000/money-claim-carpet-damage,0,false,4xx_5xx_or_fetch_error,false,,0,,0,,,,0,,,,,,,,0,,0,,0,0,,true,true,true,true,true,true,true,false,false,fetch failed,fetch_failed,1,,
http://127.0.0.1:5000/money-claim-ccj-enforcement,/money-claim-ccj-enforcement,0,http://127.0.0.1:5000/money-claim-ccj-enforcement,0,false,4xx_5xx_or_fetch_error,false,,0,,0,,,,0,,,,,,,,0,,0,,0,0,,true,true,true,true,true,true,true,false,false,fetch failed,fetch_failed,1,,
http://127.0.0.1:5000/money-claim-cleaning-costs,/money-claim-cleaning-costs,0,http://127.0.0.1:5000/money-claim-cleaning-costs,0,false,4xx_5xx_or_fetch_error,false,,0,,0,,,,0,,,,,,,,0,,0,,0,0,,true,true,true,true,true,true,true,false,false,fetch failed,fetch_failed,1,,
http://127.0.0.1:5000/money-claim-council-tax,/money-claim-council-tax,0,http://127.0.0.1:5000/money-claim-council-tax,0,false,4xx_5xx_or_fetch_error,false,,0,,0,,,,0,,,,,,,,0,,0,,0,0,,true,true,true,true,true,true,true,false,false,fetch failed,fetch_failed,1,,
http://127.0.0.1:5000/money-claim-deposit-shortfall,/money-claim-deposit-shortfall,0,http://127.0.0.1:5000/money-claim-deposit-shortfall,0,false,4xx_5xx_or_fetch_error,false,,0,,0,,,,0,,,,,,,,0,,0,,0,0,,true,true,true,true,true,true,true,false,false,fetch failed,fetch_failed,1,,
http://127.0.0.1:5000/money-claim-early-termination,/money-claim-early-termination,0,http://127.0.0.1:5000/money-claim-early-termination,0,false,4xx_5xx_or_fetch_error,false,,0,,0,,,,0,,,,,,,,0,,0,,0,0,,true,true,true,true,true,true,true,false,false,fetch failed,fetch_failed,1,,
http://127.0.0.1:5000/money-claim-former-tenant,/money-claim-former-tenant,0,http://127.0.0.1:5000/money-claim-former-tenant,0,false,4xx_5xx_or_fetch_error,false,,0,,0,,,,0,,,,,,,,0,,0,,0,0,,true,true,true,true,true,true,true,false,false,fetch failed,fetch_failed,1,,
http://127.0.0.1:5000/money-claim-garden-damage,/money-claim-garden-damage,0,http://127.0.0.1:5000/money-claim-garden-damage,0,false,4xx_5xx_or_fetch_error,false,,0,,0,,,,0,,,,,,,,0,,0,,0,0,,true,true,true,true,true,true,true,false,false,fetch failed,fetch_failed,1,,
http://127.0.0.1:5000/money-claim-guarantor,/money-claim-guarantor,0,http://127.0.0.1:5000/money-claim-guarantor,0,false,4xx_5xx_or_fetch_error,false,,0,,0,,,,0,,,,,,,,0,,0,,0,0,,true,true,true,true,true,true,true,false,false,fetch failed,fetch_failed,1,,
http://127.0.0.1:5000/money-claim-letter-before-action,/money-claim-letter-before-action,0,http://127.0.0.1:5000/money-claim-letter-before-action,0,false,4xx_5xx_or_fetch_error,false,,0,,0,,,,0,,,,,,,,0,,0,,0,0,,true,true,true,true,true,true,true,false,false,fetch failed,fetch_failed,1,,
http://127.0.0.1:5000/money-claim-n1-claim-form,/money-claim-n1-claim-form,0,http://127.0.0.1:5000/money-claim-n1-claim-form,0,false,4xx_5xx_or_fetch_error,false,,0,,0,,,,0,,,,,,,,0,,0,,0,0,,true,true,true,true,true,true,true,false,false,fetch failed,fetch_failed,1,,
http://127.0.0.1:5000/money-claim-online-mcol,/money-claim-online-mcol,0,http://127.0.0.1:5000/money-claim-online-mcol,0,false,4xx_5xx_or_fetch_error,false,,0,,0,,,,0,,,,,,,,0,,0,,0,0,,true,true,true,true,true,true,true,false,false,fetch failed,fetch_failed,1,,
http://127.0.0.1:5000/money-claim-pap-financial-statement,/money-claim-pap-financial-statement,0,http://127.0.0.1:5000/money-claim-pap-financial-statement,0,false,4xx_5xx_or_fetch_error,false,,0,,0,,,,0,,,,,,,,0,,0,,0,0,,true,true,true,true,true,true,true,false,false,fetch failed,fetch_failed,1,,
http://127.0.0.1:5000/money-claim-property-damage,/money-claim-property-damage,0,http://127.0.0.1:5000/money-claim-property-damage,0,false,4xx_5xx_or_fetch_error,false,,0,,0,,,,0,,,,,,,,0,,0,,0,0,,true,true,true,true,true,true,true,false,false,fetch failed,fetch_failed,1,,
http://127.0.0.1:5000/money-claim-rent-arrears,/money-claim-rent-arrears,0,http://127.0.0.1:5000/money-claim-rent-arrears,0,false,4xx_5xx_or_fetch_error,false,,0,,0,,,,0,,,,,,,,0,,0,,0,0,,true,true,true,true,true,true,true,false,false,fetch failed,fetch_failed,1,,
http://127.0.0.1:5000/money-claim-schedule-of-debt,/money-claim-schedule-of-debt,0,http://127.0.0.1:5000/money-claim-schedule-of-debt,0,false,4xx_5xx_or_fetch_error,false,,0,,0,,,,0,,,,,,,,0,,0,,0,0,,true,true,true,true,true,true,true,false,false,fetch failed,fetch_failed,1,,
http://127.0.0.1:5000/money-claim-small-claims-landlord,/money-claim-small-claims-landlord,0,http://127.0.0.1:5000/money-claim-small-claims-landlord,0,false,4xx_5xx_or_fetch_error,false,,0,,0,,,,0,,,,,,,,0,,0,,0,0,,true,true,true,true,true,true,true,false,false,fetch failed,fetch_failed,1,,
http://127.0.0.1:5000/money-claim-tenant-defends,/money-claim-tenant-defends,0,http://127.0.0.1:5000/money-claim-tenant-defends,0,false,4xx_5xx_or_fetch_error,false,,0,,0,,,,0,,,,,,,,0,,0,,0,0,,true,true,true,true,true,true,true,false,false,fetch failed,fetch_failed,1,,
http://127.0.0.1:5000/money-claim-unpaid-bills,/money-claim-unpaid-bills,0,http://127.0.0.1:5000/money-claim-unpaid-bills,0,false,4xx_5xx_or_fetch_error,false,,0,,0,,,,0,,,,,,,,0,,0,,0,0,,true,true,true,true,true,true,true,false,false,fetch failed,fetch_failed,1,,
http://127.0.0.1:5000/money-claim-unpaid-rent,/money-claim-unpaid-rent,0,http://127.0.0.1:5000/money-claim-unpaid-rent,0,false,4xx_5xx_or_fetch_error,false,,0,,0,,,,0,,,,,,,,0,,0,,0,0,,true,true,true,true,true,true,true,false,false,fetch failed,fetch_failed,1,,
http://127.0.0.1:5000/money-claim-unpaid-utilities,/money-claim-unpaid-utilities,0,http://127.0.0.1:5000/money-claim-unpaid-utilities,0,false,4xx_5xx_or_fetch_error,false,,0,,0,,,,0,,,,,,,,0,,0,,0,0,,true,true,true,true,true,true,true,false,false,fetch failed,fetch_failed,1,,
http://127.0.0.1:5000/money-claim-wall-damage,/money-claim-wall-damage,0,http://127.0.0.1:5000/money-claim-wall-damage,0,false,4xx_5xx_or_fetch_error,false,,0,,0,,,,0,,,,,,,,0,,0,,0,0,,true,true,true,true,true,true,true,false,false,fetch failed,fetch_failed,1,,
http://127.0.0.1:5000/n5b-form-guide,/n5b-form-guide,0,http://127.0.0.1:5000/n5b-form-guide,0,false,4xx_5xx_or_fetch_error,false,,0,,0,,,,0,,,,,,,,0,,0,,0,0,,true,true,true,true,true,true,true,false,false,fetch failed,fetch_failed,1,,
http://127.0.0.1:5000/ni-private-tenancy-agreement,/ni-private-tenancy-agreement,0,http://127.0.0.1:5000/ni-private-tenancy-agreement,0,false,4xx_5xx_or_fetch_error,false,,0,,0,,,,0,,,,,,,,0,,0,,0,0,,true,true,true,true,true,true,true,false,false,fetch failed,fetch_failed,1,,
http://127.0.0.1:5000/ni-tenancy-agreement-template-free,/ni-tenancy-agreement-template-free,0,http://127.0.0.1:5000/ni-tenancy-agreement-template-free,0,false,4xx_5xx_or_fetch_error,false,,0,,0,,,,0,,,,,,,,0,,0,,0,0,,true,true,true,true,true,true,true,false,false,fetch failed,fetch_failed,1,,
http://127.0.0.1:5000/no-fault-eviction,/no-fault-eviction,0,http://127.0.0.1:5000/no-fault-eviction,0,false,4xx_5xx_or_fetch_error,false,,0,,0,,,,0,,,,,,,,0,,0,,0,0,,true,true,true,true,true,true,true,false,false,fetch failed,fetch_failed,1,,
http://127.0.0.1:5000/northern-ireland-tenancy-agreement-template,/northern-ireland-tenancy-agreement-template,0,http://127.0.0.1:5000/northern-ireland-tenancy-agreement-template,0,false,4xx_5xx_or_fetch_error,false,,0,,0,,,,0,,,,,,,,0,,0,,0,0,,true,true,true,true,true,true,true,false,false,fetch failed,fetch_failed,1,,
http://127.0.0.1:5000/notice-to-quit-northern-ireland-guide,/notice-to-quit-northern-ireland-guide,0,http://127.0.0.1:5000/notice-to-quit-northern-ireland-guide,0,false,4xx_5xx_or_fetch_error,false,,0,,0,,,,0,,,,,,,,0,,0,,0,0,,true,true,true,true,true,true,true,false,false,fetch failed,fetch_failed,1,,
http://127.0.0.1:5000/occupation-contract-template-wales,/occupation-contract-template-wales,0,http://127.0.0.1:5000/occupation-contract-template-wales,0,false,4xx_5xx_or_fetch_error,false,,0,,0,,,,0,,,,,,,,0,,0,,0,0,,true,true,true,true,true,true,true,false,false,fetch failed,fetch_failed,1,,
http://127.0.0.1:5000/periodic-tenancy-agreement,/periodic-tenancy-agreement,0,http://127.0.0.1:5000/periodic-tenancy-agreement,0,false,4xx_5xx_or_fetch_error,false,,0,,0,,,,0,,,,,,,,0,,0,,0,0,,true,true,true,true,true,true,true,false,false,fetch failed,fetch_failed,1,,
http://127.0.0.1:5000/possession-claim-guide,/possession-claim-guide,0,http://127.0.0.1:5000/possession-claim-guide,0,false,4xx_5xx_or_fetch_error,false,,0,,0,,,,0,,,,,,,,0,,0,,0,0,,true,true,true,true,true,true,true,false,false,fetch failed,fetch_failed,1,,
http://127.0.0.1:5000/pre-action-protocol-debt,/pre-action-protocol-debt,0,http://127.0.0.1:5000/pre-action-protocol-debt,0,false,4xx_5xx_or_fetch_error,false,,0,,0,,,,0,,,,,,,,0,,0,,0,0,,true,true,true,true,true,true,true,false,false,fetch failed,fetch_failed,1,,
http://127.0.0.1:5000/premium-tenancy-agreement,/premium-tenancy-agreement,0,http://127.0.0.1:5000/premium-tenancy-agreement,0,false,4xx_5xx_or_fetch_error,false,,0,,0,,,,0,,,,,,,,0,,0,,0,0,,true,true,true,true,true,true,true,false,false,fetch failed,fetch_failed,1,,
http://127.0.0.1:5000/pricing,/pricing,0,http://127.0.0.1:5000/pricing,0,false,4xx_5xx_or_fetch_error,false,,0,,0,,,,0,,,,,,,,0,,0,,0,0,,true,true,true,true,true,true,true,false,false,fetch failed,fetch_failed,1,,
http://127.0.0.1:5000/privacy,/privacy,0,http://127.0.0.1:5000/privacy,0,false,4xx_5xx_or_fetch_error,false,,0,,0,,,,0,,,,,,,,0,,0,,0,0,,true,true,true,true,true,true,true,false,false,fetch failed,fetch_failed,1,,
http://127.0.0.1:5000/private-residential-tenancy-agreement-scotland,/private-residential-tenancy-agreement-scotland,0,http://127.0.0.1:5000/private-residential-tenancy-agreement-scotland,0,false,4xx_5xx_or_fetch_error,false,,0,,0,,,,0,,,,,,,,0,,0,,0,0,,true,true,true,true,true,true,true,false,false,fetch failed,fetch_failed,1,,
http://127.0.0.1:5000/private-residential-tenancy-agreement-template,/private-residential-tenancy-agreement-template,0,http://127.0.0.1:5000/private-residential-tenancy-agreement-template,0,false,4xx_5xx_or_fetch_error,false,,0,,0,,,,0,,,,,,,,0,,0,,0,0,,true,true,true,true,true,true,true,false,false,fetch failed,fetch_failed,1,,
http://127.0.0.1:5000/products/ast,/products/ast,0,http://127.0.0.1:5000/products/ast,0,false,4xx_5xx_or_fetch_error,false,,0,,0,,,,0,,,,,,,,0,,0,,0,0,,true,true,true,true,true,true,true,false,false,fetch failed,fetch_failed,1,,
http://127.0.0.1:5000/products/complete-pack,/products/complete-pack,0,http://127.0.0.1:5000/products/complete-pack,0,false,4xx_5xx_or_fetch_error,false,,0,,0,,,,0,,,,,,,,0,,0,,0,0,,true,true,true,true,true,true,true,false,false,fetch failed,fetch_failed,1,,
http://127.0.0.1:5000/products/money-claim,/products/money-claim,0,http://127.0.0.1:5000/products/money-claim,0,false,4xx_5xx_or_fetch_error,false,,0,,0,,,,0,,,,,,,,0,,0,,0,0,,true,true,true,true,true,true,true,false,false,fetch failed,fetch_failed,1,,
http://127.0.0.1:5000/products/money-claim-pack,/products/money-claim-pack,0,http://127.0.0.1:5000/products/money-claim-pack,0,false,4xx_5xx_or_fetch_error,false,,0,,0,,,,0,,,,,,,,0,,0,,0,0,,true,true,true,true,true,true,true,false,false,fetch failed,fetch_failed,1,,
http://127.0.0.1:5000/products/notice-only,/products/notice-only,0,http://127.0.0.1:5000/products/notice-only,0,false,4xx_5xx_or_fetch_error,false,,0,,0,,,,0,,,,,,,,0,,0,,0,0,,true,true,true,true,true,true,true,false,false,fetch failed,fetch_failed,1,,
http://127.0.0.1:5000/prt-template-scotland,/prt-template-scotland,0,http://127.0.0.1:5000/prt-template-scotland,0,false,4xx_5xx_or_fetch_error,false,,0,,0,,,,0,,,,,,,,0,,0,,0,0,,true,true,true,true,true,true,true,false,false,fetch failed,fetch_failed,1,,
http://127.0.0.1:5000/prt-tenancy-agreement-template-scotland,/prt-tenancy-agreement-template-scotland,0,http://127.0.0.1:5000/prt-tenancy-agreement-template-scotland,0,false,4xx_5xx_or_fetch_error,false,,0,,0,,,,0,,,,,,,,0,,0,,0,0,,true,true,true,true,true,true,true,false,false,fetch failed,fetch_failed,1,,
http://127.0.0.1:5000/renew-tenancy-agreement-england,/renew-tenancy-agreement-england,0,http://127.0.0.1:5000/renew-tenancy-agreement-england,0,false,4xx_5xx_or_fetch_error,false,,0,,0,,,,0,,,,,,,,0,,0,,0,0,,true,true,true,true,true,true,true,false,false,fetch failed,fetch_failed,1,,
http://127.0.0.1:5000/rent-arrears-letter-template,/rent-arrears-letter-template,0,http://127.0.0.1:5000/rent-arrears-letter-template,0,false,4xx_5xx_or_fetch_error,false,,0,,0,,,,0,,,,,,,,0,,0,,0,0,,true,true,true,true,true,true,true,false,false,fetch failed,fetch_failed,1,,
http://127.0.0.1:5000/renting-homes-wales-written-statement,/renting-homes-wales-written-statement,0,http://127.0.0.1:5000/renting-homes-wales-written-statement,0,false,4xx_5xx_or_fetch_error,false,,0,,0,,,,0,,,,,,,,0,,0,,0,0,,true,true,true,true,true,true,true,false,false,fetch failed,fetch_failed,1,,
http://127.0.0.1:5000/rolling-tenancy-agreement,/rolling-tenancy-agreement,0,http://127.0.0.1:5000/rolling-tenancy-agreement,0,false,4xx_5xx_or_fetch_error,false,,0,,0,,,,0,,,,,,,,0,,0,,0,0,,true,true,true,true,true,true,true,false,false,fetch failed,fetch_failed,1,,
http://127.0.0.1:5000/scotland-eviction-notices,/scotland-eviction-notices,0,http://127.0.0.1:5000/scotland-eviction-notices,0,false,4xx_5xx_or_fetch_error,false,,0,,0,,,,0,,,,,,,,0,,0,,0,0,,true,true,true,true,true,true,true,false,false,fetch failed,fetch_failed,1,,
http://127.0.0.1:5000/scotland-notice-to-leave-template,/scotland-notice-to-leave-template,0,http://127.0.0.1:5000/scotland-notice-to-leave-template,0,false,4xx_5xx_or_fetch_error,false,,0,,0,,,,0,,,,,,,,0,,0,,0,0,,true,true,true,true,true,true,true,false,false,fetch failed,fetch_failed,1,,
http://127.0.0.1:5000/scotland-prt-model-agreement-guide,/scotland-prt-model-agreement-guide,0,http://127.0.0.1:5000/scotland-prt-model-agreement-guide,0,false,4xx_5xx_or_fetch_error,false,,0,,0,,,,0,,,,,,,,0,,0,,0,0,,true,true,true,true,true,true,true,false,false,fetch failed,fetch_failed,1,,
http://127.0.0.1:5000/scottish-tenancy-agreement-template,/scottish-tenancy-agreement-template,0,http://127.0.0.1:5000/scottish-tenancy-agreement-template,0,false,4xx_5xx_or_fetch_error,false,,0,,0,,,,0,,,,,,,,0,,0,,0,0,,true,true,true,true,true,true,true,false,false,fetch failed,fetch_failed,1,,
http://127.0.0.1:5000/section-21-ban,/section-21-ban,0,http://127.0.0.1:5000/section-21-ban,0,false,4xx_5xx_or_fetch_error,false,,0,,0,,,,0,,,,,,,,0,,0,,0,0,,true,true,true,true,true,true,true,false,false,fetch failed,fetch_failed,1,,
http://127.0.0.1:5000/section-21-expired-what-next,/section-21-expired-what-next,0,http://127.0.0.1:5000/section-21-expired-what-next,0,false,4xx_5xx_or_fetch_error,false,,0,,0,,,,0,,,,,,,,0,,0,,0,0,,true,true,true,true,true,true,true,false,false,fetch failed,fetch_failed,1,,
http://127.0.0.1:5000/section-21-notice-template,/section-21-notice-template,0,http://127.0.0.1:5000/section-21-notice-template,0,false,4xx_5xx_or_fetch_error,false,,0,,0,,,,0,,,,,,,,0,,0,,0,0,,true,true,true,true,true,true,true,false,false,fetch failed,fetch_failed,1,,
http://127.0.0.1:5000/section-8-notice-template,/section-8-notice-template,0,http://127.0.0.1:5000/section-8-notice-template,0,false,4xx_5xx_or_fetch_error,false,,0,,0,,,,0,,,,,,,,0,,0,,0,0,,true,true,true,true,true,true,true,false,false,fetch failed,fetch_failed,1,,
http://127.0.0.1:5000/section-8-rent-arrears-eviction,/section-8-rent-arrears-eviction,0,http://127.0.0.1:5000/section-8-rent-arrears-eviction,0,false,4xx_5xx_or_fetch_error,false,,0,,0,,,,0,,,,,,,,0,,0,,0,0,,true,true,true,true,true,true,true,false,false,fetch failed,fetch_failed,1,,
http://127.0.0.1:5000/section-8-vs-section-21,/section-8-vs-section-21,0,http://127.0.0.1:5000/section-8-vs-section-21,0,false,4xx_5xx_or_fetch_error,false,,0,,0,,,,0,,,,,,,,0,,0,,0,0,,true,true,true,true,true,true,true,false,false,fetch failed,fetch_failed,1,,
http://127.0.0.1:5000/standard-occupation-contract-wales,/standard-occupation-contract-wales,0,http://127.0.0.1:5000/standard-occupation-contract-wales,0,false,4xx_5xx_or_fetch_error,false,,0,,0,,,,0,,,,,,,,0,,0,,0,0,,true,true,true,true,true,true,true,false,false,fetch failed,fetch_failed,1,,
http://127.0.0.1:5000/tenancy-agreement,/tenancy-agreement,0,http://127.0.0.1:5000/tenancy-agreement,0,false,4xx_5xx_or_fetch_error,false,,0,,0,,,,0,,,,,,,,0,,0,,0,0,,true,true,true,true,true,true,true,false,false,fetch failed,fetch_failed,1,,
http://127.0.0.1:5000/tenancy-agreement-northern-ireland,/tenancy-agreement-northern-ireland,0,http://127.0.0.1:5000/tenancy-agreement-northern-ireland,0,false,4xx_5xx_or_fetch_error,false,,0,,0,,,,0,,,,,,,,0,,0,,0,0,,true,true,true,true,true,true,true,false,false,fetch failed,fetch_failed,1,,
http://127.0.0.1:5000/tenancy-agreement-template,/tenancy-agreement-template,0,http://127.0.0.1:5000/tenancy-agreement-template,0,false,4xx_5xx_or_fetch_error,false,,0,,0,,,,0,,,,,,,,0,,0,,0,0,,true,true,true,true,true,true,true,false,false,fetch failed,fetch_failed,1,,
http://127.0.0.1:5000/tenancy-agreement-template-free,/tenancy-agreement-template-free,0,http://127.0.0.1:5000/tenancy-agreement-template-free,0,false,4xx_5xx_or_fetch_error,false,,0,,0,,,,0,,,,,,,,0,,0,,0,0,,true,true,true,true,true,true,true,false,false,fetch failed,fetch_failed,1,,
http://127.0.0.1:5000/tenancy-agreement-template-northern-ireland,/tenancy-agreement-template-northern-ireland,0,http://127.0.0.1:5000/tenancy-agreement-template-northern-ireland,0,false,4xx_5xx_or_fetch_error,false,,0,,0,,,,0,,,,,,,,0,,0,,0,0,,true,true,true,true,true,true,true,false,false,fetch failed,fetch_failed,1,,
http://127.0.0.1:5000/tenancy-agreements/england,/tenancy-agreements/england,0,http://127.0.0.1:5000/tenancy-agreements/england,0,false,4xx_5xx_or_fetch_error,false,,0,,0,,,,0,,,,,,,,0,,0,,0,0,,true,true,true,true,true,true,true,false,false,fetch failed,fetch_failed,1,,
http://127.0.0.1:5000/tenancy-agreements/northern-ireland,/tenancy-agreements/northern-ireland,0,http://127.0.0.1:5000/tenancy-agreements/northern-ireland,0,false,4xx_5xx_or_fetch_error,false,,0,,0,,,,0,,,,,,,,0,,0,,0,0,,true,true,true,true,true,true,true,false,false,fetch failed,fetch_failed,1,,
http://127.0.0.1:5000/tenancy-agreements/scotland,/tenancy-agreements/scotland,0,http://127.0.0.1:5000/tenancy-agreements/scotland,0,false,4xx_5xx_or_fetch_error,false,,0,,0,,,,0,,,,,,,,0,,0,,0,0,,true,true,true,true,true,true,true,false,false,fetch failed,fetch_failed,1,,
http://127.0.0.1:5000/tenancy-agreements/wales,/tenancy-agreements/wales,0,http://127.0.0.1:5000/tenancy-agreements/wales,0,false,4xx_5xx_or_fetch_error,false,,0,,0,,,,0,,,,,,,,0,,0,,0,0,,true,true,true,true,true,true,true,false,false,fetch failed,fetch_failed,1,,
http://127.0.0.1:5000/tenant-damaging-property,/tenant-damaging-property,0,http://127.0.0.1:5000/tenant-damaging-property,0,false,4xx_5xx_or_fetch_error,false,,0,,0,,,,0,,,,,,,,0,,0,,0,0,,true,true,true,true,true,true,true,false,false,fetch failed,fetch_failed,1,,
http://127.0.0.1:5000/tenant-not-paying-rent,/tenant-not-paying-rent,0,http://127.0.0.1:5000/tenant-not-paying-rent,0,false,4xx_5xx_or_fetch_error,false,,0,,0,,,,0,,,,,,,,0,,0,,0,0,,true,true,true,true,true,true,true,false,false,fetch failed,fetch_failed,1,,
http://127.0.0.1:5000/tenant-wont-leave,/tenant-wont-leave,0,http://127.0.0.1:5000/tenant-wont-leave,0,false,4xx_5xx_or_fetch_error,false,,0,,0,,,,0,,,,,,,,0,,0,,0,0,,true,true,true,true,true,true,true,false,false,fetch failed,fetch_failed,1,,
http://127.0.0.1:5000/terms,/terms,0,http://127.0.0.1:5000/terms,0,false,4xx_5xx_or_fetch_error,false,,0,,0,,,,0,,,,,,,,0,,0,,0,0,,true,true,true,true,true,true,true,false,false,fetch failed,fetch_failed,1,,
http://127.0.0.1:5000/tools,/tools,0,http://127.0.0.1:5000/tools,0,false,4xx_5xx_or_fetch_error,false,,0,,0,,,,0,,,,,,,,0,,0,,0,0,,true,true,true,true,true,true,true,false,false,fetch failed,fetch_failed,1,,
http://127.0.0.1:5000/tools/free-rent-demand-letter,/tools/free-rent-demand-letter,0,http://127.0.0.1:5000/tools/free-rent-demand-letter,0,false,4xx_5xx_or_fetch_error,false,,0,,0,,,,0,,,,,,,,0,,0,,0,0,,true,true,true,true,true,true,true,false,false,fetch failed,fetch_failed,1,,
http://127.0.0.1:5000/tools/free-section-21-notice-generator,/tools/free-section-21-notice-generator,0,http://127.0.0.1:5000/tools/free-section-21-notice-generator,0,false,4xx_5xx_or_fetch_error,false,,0,,0,,,,0,,,,,,,,0,,0,,0,0,,true,true,true,true,true,true,true,false,false,fetch failed,fetch_failed,1,,
http://127.0.0.1:5000/tools/free-section-8-notice-generator,/tools/free-section-8-notice-generator,0,http://127.0.0.1:5000/tools/free-section-8-notice-generator,0,false,4xx_5xx_or_fetch_error,false,,0,,0,,,,0,,,,,,,,0,,0,,0,0,,true,true,true,true,true,true,true,false,false,fetch failed,fetch_failed,1,,
http://127.0.0.1:5000/tools/hmo-license-checker,/tools/hmo-license-checker,0,http://127.0.0.1:5000/tools/hmo-license-checker,0,false,4xx_5xx_or_fetch_error,false,,0,,0,,,,0,,,,,,,,0,,0,,0,0,,true,true,true,true,true,true,true,false,false,fetch failed,fetch_failed,1,,
http://127.0.0.1:5000/tools/rent-arrears-calculator,/tools/rent-arrears-calculator,0,http://127.0.0.1:5000/tools/rent-arrears-calculator,0,false,4xx_5xx_or_fetch_error,false,,0,,0,,,,0,,,,,,,,0,,0,,0,0,,true,true,true,true,true,true,true,false,false,fetch failed,fetch_failed,1,,
http://127.0.0.1:5000/tools/validators,/tools/validators,0,http://127.0.0.1:5000/tools/validators,0,false,4xx_5xx_or_fetch_error,false,,0,,0,,,,0,,,,,,,,0,,0,,0,0,,true,true,true,true,true,true,true,false,false,fetch failed,fetch_failed,1,,
http://127.0.0.1:5000/tools/validators/section-21,/tools/validators/section-21,0,http://127.0.0.1:5000/tools/validators/section-21,0,false,4xx_5xx_or_fetch_error,false,,0,,0,,,,0,,,,,,,,0,,0,,0,0,,true,true,true,true,true,true,true,false,false,fetch failed,fetch_failed,1,,
http://127.0.0.1:5000/tools/validators/section-8,/tools/validators/section-8,0,http://127.0.0.1:5000/tools/validators/section-8,0,false,4xx_5xx_or_fetch_error,false,,0,,0,,,,0,,,,,,,,0,,0,,0,0,,true,true,true,true,true,true,true,false,false,fetch failed,fetch_failed,1,,
http://127.0.0.1:5000/update-occupation-contract-wales,/update-occupation-contract-wales,0,http://127.0.0.1:5000/update-occupation-contract-wales,0,false,4xx_5xx_or_fetch_error,false,,0,,0,,,,0,,,,,,,,0,,0,,0,0,,true,true,true,true,true,true,true,false,false,fetch failed,fetch_failed,1,,
http://127.0.0.1:5000/update-prt-tenancy-agreement-scotland,/update-prt-tenancy-agreement-scotland,0,http://127.0.0.1:5000/update-prt-tenancy-agreement-scotland,0,false,4xx_5xx_or_fetch_error,false,,0,,0,,,,0,,,,,,,,0,,0,,0,0,,true,true,true,true,true,true,true,false,false,fetch failed,fetch_failed,1,,
http://127.0.0.1:5000/update-tenancy-agreement-northern-ireland,/update-tenancy-agreement-northern-ireland,0,http://127.0.0.1:5000/update-tenancy-agreement-northern-ireland,0,false,4xx_5xx_or_fetch_error,false,,0,,0,,,,0,,,,,,,,0,,0,,0,0,,true,true,true,true,true,true,true,false,false,fetch failed,fetch_failed,1,,
http://127.0.0.1:5000/wales-eviction-notice-template,/wales-eviction-notice-template,0,http://127.0.0.1:5000/wales-eviction-notice-template,0,false,4xx_5xx_or_fetch_error,false,,0,,0,,,,0,,,,,,,,0,,0,,0,0,,true,true,true,true,true,true,true,false,false,fetch failed,fetch_failed,1,,
http://127.0.0.1:5000/wales-eviction-notices,/wales-eviction-notices,0,http://127.0.0.1:5000/wales-eviction-notices,0,false,4xx_5xx_or_fetch_error,false,,0,,0,,,,0,,,,,,,,0,,0,,0,0,,true,true,true,true,true,true,true,false,false,fetch failed,fetch_failed,1,,
http://127.0.0.1:5000/wales-tenancy-agreement-template,/wales-tenancy-agreement-template,0,http://127.0.0.1:5000/wales-tenancy-agreement-template,0,false,4xx_5xx_or_fetch_error,false,,0,,0,,,,0,,,,,,,,0,,0,,0,0,,true,true,true,true,true,true,true,false,false,fetch failed,fetch_failed,1,,
http://127.0.0.1:5000/warrant-of-possession,/warrant-of-possession,0,http://127.0.0.1:5000/warrant-of-possession,0,false,4xx_5xx_or_fetch_error,false,,0,,0,,,,0,,,,,,,,0,,0,,0,0,,true,true,true,true,true,true,true,false,false,fetch failed,fetch_failed,1,,
http://127.0.0.1:5000/wizard,/wizard,0,http://127.0.0.1:5000/wizard,0,false,4xx_5xx_or_fetch_error,false,,0,,0,,,,0,,,,,,,,0,,0,,0,0,,true,true,true,true,true,true,true,false,false,fetch failed,fetch_failed,1,,