route,viewport,width,http_status,h1_count,h1,horizontal_overflow,visible_image_count,media_failures,console_errors,critical_network_failures,accessibility_result,keyboard_result,navigation_error,full_screenshot,first_viewport_screenshot,result
/products/notice-only,mobile,390,200,1,Create a Section 8 eviction notice and service file,no,21,0,0,0,PASS,PASS,,screenshots/products-notice-only-mobile-full.png,screenshots/products-notice-only-mobile-first.png,PASS
/products/complete-pack,mobile,390,200,1,Section 8 possession claim pack with N5 and N119,no,21,0,0,0,PASS,PASS,,screenshots/products-complete-pack-mobile-full.png,screenshots/products-complete-pack-mobile-first.png,PASS
/products/money-claim,mobile,390,200,1,Recover unpaid rent with a landlord money claim pack,no,12,0,0,0,PASS,PASS,,screenshots/products-money-claim-mobile-full.png,screenshots/products-money-claim-mobile-first.png,PASS
/products/ast,mobile,390,200,1,Create the right Englandtenancy agreement for the let,no,11,0,0,0,PASS,PASS,,screenshots/products-ast-mobile-full.png,screenshots/products-ast-mobile-first.png,PASS
/products/section-13-standard,mobile,390,200,1,Create a Form 4A rent increase pack with market evidence.,no,7,0,0,0,PASS,PASS,,screenshots/products-section-13-standard-mobile-full.png,screenshots/products-section-13-standard-mobile-first.png,PASS
/tools/hmo-license-checker,mobile,390,200,1,HMO License Checker,no,4,0,0,0,PASS,PASS,,screenshots/tools-hmo-license-checker-mobile-full.png,screenshots/tools-hmo-license-checker-mobile-first.png,PASS
/tools/rent-arrears-calculator,mobile,390,200,1,Rent Arrears Calculator,no,4,0,0,0,PASS,PASS,,screenshots/tools-rent-arrears-calculator-mobile-full.png,screenshots/tools-rent-arrears-calculator-mobile-first.png,PASS
/blog/how-to-write-letter-before-action-unpaid-rent,mobile,390,200,1,How to Write a Letter Before Action for Unpaid Rent,no,22,0,0,0,PASS,PASS,,screenshots/blog-how-to-write-letter-before-action-unpaid-rent-mobile-full.png,screenshots/blog-how-to-write-letter-before-action-unpaid-rent-mobile-first.png,PASS
/blog/bailiff-eviction-day-what-to-expect,mobile,390,200,1,Bailiff Eviction Day - What to Expect (England Guide),no,25,0,0,0,PASS,PASS,,screenshots/blog-bailiff-eviction-day-what-to-expect-mobile-full.png,screenshots/blog-bailiff-eviction-day-what-to-expect-mobile-first.png,PASS
/eviction-cost-uk,mobile,390,200,1,Eviction Cost UK Guide,no,6,0,0,0,PASS,PASS,,screenshots/eviction-cost-uk-mobile-full.png,screenshots/eviction-cost-uk-mobile-first.png,PASS
/how-to-rent-guide,mobile,390,200,1,How to Rent compliance check before notice or tenancy,no,5,0,0,0,PASS,PASS,,screenshots/how-to-rent-guide-mobile-full.png,screenshots/how-to-rent-guide-mobile-first.png,PASS
/n5-n119-possession-claim,mobile,390,200,1,Prepare N5 and N119 court papers after notice,no,9,0,0,0,PASS,PASS,,screenshots/n5-n119-possession-claim-mobile-full.png,screenshots/n5-n119-possession-claim-mobile-first.png,PASS
/section-8-grounds/how-to-evict-a-tenant-using-ground-1a,mobile,390,200,1,How to Evict a Tenant Using Ground 1A - Selling the Property,no,7,0,0,0,PASS,PASS,,screenshots/section-8-grounds-how-to-evict-a-tenant-using-ground-1a-mobile-full.png,screenshots/section-8-grounds-how-to-evict-a-tenant-using-ground-1a-mobile-first.png,PASS
