route,audited,mapped_in_registry,component_integrated,event_instrumentation_live,rendered_qa_passed,production_validated
/tools/hmo-license-checker,yes,yes,yes,yes,blocked,yes
/tools/rent-arrears-calculator,yes,yes,yes,yes,blocked,yes
/form-3-section-8,yes,yes,yes,yes,blocked,yes
/eviction-cost-uk,yes,yes,yes,yes,blocked,yes
/how-to-rent-guide,yes,yes,yes,yes,blocked,yes
/n5-n119-possession-claim,yes,yes,yes,yes,blocked,yes
/money-claim-carpet-damage,yes,yes,yes,yes,blocked,yes
/section-8-grounds/how-to-evict-a-tenant-using-ground-1a,yes,yes,yes,yes,blocked,yes
/blog/how-to-write-letter-before-action-unpaid-rent,yes,yes,yes,yes,blocked,yes
/blog/england-bailiff-eviction,yes,yes,yes,yes,blocked,yes
/blog/england-section-8-ground-1,yes,yes,yes,yes,blocked,yes
/blog/england-county-court-forms,yes,yes,yes,yes,blocked,yes
/blog/how-long-does-eviction-take-uk,yes,yes,yes,yes,blocked,yes
/blog/england-section-8-ground-10-11,yes,yes,yes,yes,blocked,yes
/blog/england-money-claim-online,yes,yes,yes,yes,blocked,yes
/blog/england-section-8-ground-14,yes,yes,yes,yes,blocked,yes
/blog/england-section-8-ground-12,yes,yes,yes,yes,blocked,yes
/blog/uk-guarantor-agreements-guide,yes,yes,yes,yes,blocked,yes
/blog/how-to-serve-eviction-notice,yes,yes,yes,yes,blocked,yes
