route,viewport,error_count,warnings,result
/products/notice-only,"390px,768px,1440px",NOT RUN,NOT RUN,NOT RUN
/products/complete-pack,"390px,768px,1440px",NOT RUN,NOT RUN,NOT RUN
/products/money-claim,"390px,768px,1440px",NOT RUN,NOT RUN,NOT RUN
/products/ast,"390px,768px,1440px",NOT RUN,NOT RUN,NOT RUN
/products/section-13-standard,"390px,768px,1440px",NOT RUN,NOT RUN,NOT RUN
/tools/hmo-license-checker,"390px,768px,1440px",NOT RUN,NOT RUN,NOT RUN
/tools/rent-arrears-calculator,"390px,768px,1440px",NOT RUN,NOT RUN,NOT RUN
/blog/how-to-write-letter-before-action-unpaid-rent,"390px,768px,1440px",NOT RUN,NOT RUN,NOT RUN
/blog/bailiff-eviction-day-what-to-expect,"390px,768px,1440px",NOT RUN,NOT RUN,NOT RUN
/eviction-cost-uk,"390px,768px,1440px",NOT RUN,NOT RUN,NOT RUN
/how-to-rent-guide,"390px,768px,1440px",NOT RUN,NOT RUN,NOT RUN
/n5-n119-possession-claim,"390px,768px,1440px",NOT RUN,NOT RUN,NOT RUN
/section-8-grounds/how-to-evict-a-tenant-using-ground-1a,"390px,768px,1440px",NOT RUN,NOT RUN,NOT RUN
