route,viewport,rendered_content,console_errors,visual_result,screenshot
/products/notice-only,768px,NOT RUN,NOT RUN,NOT RUN,
/products/complete-pack,768px,NOT RUN,NOT RUN,NOT RUN,
/products/money-claim,768px,NOT RUN,NOT RUN,NOT RUN,
/products/ast,768px,NOT RUN,NOT RUN,NOT RUN,
/products/section-13-standard,768px,NOT RUN,NOT RUN,NOT RUN,
/tools/hmo-license-checker,768px,NOT RUN,NOT RUN,NOT RUN,
/tools/rent-arrears-calculator,768px,NOT RUN,NOT RUN,NOT RUN,
/blog/how-to-write-letter-before-action-unpaid-rent,768px,NOT RUN,NOT RUN,NOT RUN,
/blog/bailiff-eviction-day-what-to-expect,768px,NOT RUN,NOT RUN,NOT RUN,
/eviction-cost-uk,768px,NOT RUN,NOT RUN,NOT RUN,
/how-to-rent-guide,768px,NOT RUN,NOT RUN,NOT RUN,
/n5-n119-possession-claim,768px,NOT RUN,NOT RUN,NOT RUN,
/section-8-grounds/how-to-evict-a-tenant-using-ground-1a,768px,NOT RUN,NOT RUN,NOT RUN,
